customer_id,first_name,last_name,email,store_id,city,country,total_rentals,total_spent,max_spend_per_rental,min_spend_per_rental,avg_spent_per_rental,average_rental_duration,favorite_category,most_rented_movie,last_rental_date,customer_active,rentals_in_home_store
1,MARY,SMITH,MARY.SMITH@sakilacustomer.org,1,Sasebo,Japan,32,118.68,9.99,0.99,3.71,4.47,Classics,"PATIENT SISTER","2005-08-22 20:03:46",1,20
2,PATRICIA,JOHNSON,PATRICIA.JOHNSON@sakilacustomer.org,1,"San Bernardino","United States",27,128.73,10.99,0.99,4.77,5.52,Sports,"DOORS PRESIDENT","2005-08-23 17:39:35",1,16
3,LINDA,WILLIAMS,LINDA.WILLIAMS@sakilacustomer.org,1,Athenai,Greece,26,135.74,10.99,0.99,5.22,5.88,Action,"RINGS HEARTBREAKERS","2005-08-23 07:10:14",1,17
4,BARBARA,JONES,BARBARA.JONES@sakilacustomer.org,2,Myingyan,Myanmar,22,81.78,8.99,0.99,3.72,3.86,Horror,"DOGMA FAMILY","2005-08-23 07:43:00",1,13
5,ELIZABETH,BROWN,ELIZABETH.BROWN@sakilacustomer.org,1,Nantou,Taiwan,38,144.62,9.99,0.99,3.81,5.03,Classics,"TOOTSIE PILOT","2006-02-14 15:16:03",1,18
6,JENNIFER,DAVIS,JENNIFER.DAVIS@sakilacustomer.org,2,Laredo,"United States",28,93.72,7.99,0.99,3.35,5.43,Drama,"ENGLISH BULWORTH","2005-08-23 06:41:32",1,13
7,MARIA,MILLER,MARIA.MILLER@sakilacustomer.org,1,Kragujevac,Yugoslavia,33,151.67,8.99,0.99,4.60,5.61,Animation,"TELEMARK HEARTBREAKERS","2005-08-21 04:49:48",1,18
8,SUSAN,WILSON,SUSAN.WILSON@sakilacustomer.org,2,Hamilton,"New Zealand",24,92.76,9.99,0.99,3.87,4.54,Drama,"MALKOVICH PET","2005-08-23 14:31:19",1,13
9,MARGARET,MOORE,MARGARET.MOORE@sakilacustomer.org,2,Masqat,Oman,23,89.77,7.99,0.99,3.90,4.55,Foreign,"MULAN MOON","2006-02-14 15:16:03",1,14
10,DOROTHY,TAYLOR,DOROTHY.TAYLOR@sakilacustomer.org,1,Esfahan,Iran,25,99.75,8.99,0.99,3.99,6.00,Games,"SNOWMAN ROLLERCOASTER","2005-08-22 21:59:29",1,13
11,LISA,ANDERSON,LISA.ANDERSON@sakilacustomer.org,2,Sagamihara,Japan,24,106.76,9.99,0.99,4.45,5.70,Games,"BOOGIE AMELIE","2006-02-14 15:16:03",1,18
12,NANCY,THOMAS,NANCY.THOMAS@sakilacustomer.org,1,"Yamuna Nagar",India,28,103.72,10.99,0.99,3.70,5.29,Drama,"ROCK INSTINCT","2005-08-23 20:28:44",1,14
13,KAREN,JACKSON,KAREN.JACKSON@sakilacustomer.org,2,Osmaniye,Turkey,27,131.73,11.99,0.99,4.88,5.04,Classics,"DECEIVER BETRAYED","2005-08-22 20:51:24",1,16
14,BETTY,WHITE,BETTY.WHITE@sakilacustomer.org,2,"Citrus Heights","United States",28,117.72,9.99,0.99,4.20,5.11,Games,"OUTBREAK DIVINE","2006-02-14 15:16:03",1,11
15,HELEN,HARRIS,HELEN.HARRIS@sakilacustomer.org,1,Bhopal,India,32,134.68,8.99,0.99,4.21,4.83,Foreign,"CANDIDATE PERDITION","2006-02-14 15:16:03",1,14
16,SANDRA,MARTIN,SANDRA.MARTIN@sakilacustomer.org,2,Southend-on-Sea,"United Kingdom",28,118.72,8.99,0.99,4.24,4.46,Sports,"FEUD FROGMEN","2005-08-21 14:45:34",0,10
17,DONNA,THOMPSON,DONNA.THOMPSON@sakilacustomer.org,1,Elista,"Russian Federation",21,98.79,8.99,0.99,4.70,5.00,Foreign,"SHREK LICENSE","2005-08-23 12:41:38",1,8
18,CAROL,GARCIA,CAROL.GARCIA@sakilacustomer.org,2,Kaduna,Nigeria,22,91.78,8.99,0.99,4.17,4.09,Classics,"YENTL IDAHO","2005-08-20 01:29:29",1,10
19,RUTH,MARTINEZ,RUTH.MARTINEZ@sakilacustomer.org,1,Kimberley,"South Africa",24,125.76,9.99,0.99,5.24,5.54,Sports,"TALENTED HOMICIDE","2005-08-23 03:46:47",1,9
20,SHARON,ROBINSON,SHARON.ROBINSON@sakilacustomer.org,2,Mardan,Pakistan,30,115.70,7.99,0.99,3.86,4.87,New,"CHOCOLAT HARRY","2005-08-23 01:10:42",1,14
21,MICHELLE,CLARK,MICHELLE.CLARK@sakilacustomer.org,1,Tangail,Bangladesh,35,155.65,10.99,0.99,4.45,5.71,Sci-Fi,"LOSE INCH","2006-02-14 15:16:03",1,20
22,LAURA,RODRIGUEZ,LAURA.RODRIGUEZ@sakilacustomer.org,1,Salé,Morocco,22,113.78,9.99,0.99,5.17,5.52,Foreign,"ROBBERS JOON","2006-02-14 15:16:03",1,8
23,SARAH,LEWIS,SARAH.LEWIS@sakilacustomer.org,2,Liepaja,Latvia,30,119.70,9.99,0.99,3.99,5.03,Sci-Fi,"MOURNING PURPLE","2006-02-14 15:16:03",1,11
24,KIMBERLY,LEE,KIMBERLY.LEE@sakilacustomer.org,2,Córdoba,Argentina,25,95.75,8.99,0.99,3.83,4.52,Animation,"PRINCESS GIANT","2005-08-22 21:28:59",1,15
25,DEBORAH,WALKER,DEBORAH.WALKER@sakilacustomer.org,1,Shikarpur,Pakistan,29,115.71,8.99,0.99,3.99,4.48,Action,"PANKY SUBMARINE","2005-08-23 20:00:30",1,12
26,JESSICA,HALL,JESSICA.HALL@sakilacustomer.org,2,"Città del Vaticano","Holy See (Vatican City State)",34,152.66,9.99,0.99,4.49,5.32,Documentary,"MONSTER SPARTACUS","2005-08-23 11:16:29",1,20
27,SHIRLEY,ALLEN,SHIRLEY.ALLEN@sakilacustomer.org,2,Davao,Philippines,31,126.69,8.99,0.99,4.09,5.32,Foreign,"EMPIRE MALKOVICH","2005-08-22 10:00:04",1,17
28,CYNTHIA,YOUNG,CYNTHIA.YOUNG@sakilacustomer.org,1,"Munger (Monghyr)",India,32,111.68,9.99,0.99,3.49,4.35,Drama,"BREAKING HOME","2006-02-14 15:16:03",1,16
29,ANGELA,HERNANDEZ,ANGELA.HERNANDEZ@sakilacustomer.org,2,Shimonoseki,Japan,36,140.64,10.99,0.99,3.91,4.80,Children,"EXPENDABLE STALLION","2006-02-14 15:16:03",1,19
30,MELISSA,KING,MELISSA.KING@sakilacustomer.org,1,Lungtan,Taiwan,34,123.66,9.99,0.99,3.64,5.21,Drama,"GLEAMING JAWBREAKER","2005-08-23 15:17:14",1,17
31,BRENDA,WRIGHT,BRENDA.WRIGHT@sakilacustomer.org,2,Kamarhati,India,26,104.74,9.99,0.99,4.03,4.69,Classics,"JINGLE SAGEBRUSH","2005-08-23 14:58:06",1,8
32,AMY,LOPEZ,AMY.LOPEZ@sakilacustomer.org,1,Jhansi,India,29,127.71,9.99,0.99,4.40,5.03,Family,"FORRESTER COMANCHEROS","2005-08-21 16:32:32",1,12
33,ANNA,HILL,ANNA.HILL@sakilacustomer.org,2,Alessandria,Italy,21,91.79,10.99,0.99,4.37,4.50,Comedy,"MOTIONS DETAILS","2006-02-14 15:16:03",1,10
34,REBECCA,SCOTT,REBECCA.SCOTT@sakilacustomer.org,2,Kurashiki,Japan,24,89.76,7.99,0.99,3.74,4.13,Games,"FIDDLER LOST","2005-08-21 20:54:32",1,12
35,VIRGINIA,GREEN,VIRGINIA.GREEN@sakilacustomer.org,2,Toulouse,France,32,129.68,7.99,0.99,4.05,5.19,Sci-Fi,"JAWS HARRY","2005-08-21 22:25:09",1,16
36,KATHLEEN,ADAMS,KATHLEEN.ADAMS@sakilacustomer.org,2,Arak,Iran,27,92.73,9.99,0.99,3.43,4.44,Music,"INSIDER ARIZONA","2005-08-23 08:42:40",1,14
37,PAMELA,BAKER,PAMELA.BAKER@sakilacustomer.org,1,Nanyang,China,23,95.77,9.99,0.99,4.16,5.00,Comedy,"SUN CONFESSIONS","2005-08-23 22:08:04",1,10
38,MARTHA,GONZALEZ,MARTHA.GONZALEZ@sakilacustomer.org,1,Chisinau,Moldova,34,127.66,6.99,0.99,3.75,5.09,Children,"VOYAGE LEGALLY","2005-08-23 11:55:50",1,17
39,DEBRA,NELSON,DEBRA.NELSON@sakilacustomer.org,1,"Vila Velha",Brazil,29,141.71,9.99,0.99,4.89,5.59,New,"ROCKETEER MOTHER","2005-08-22 12:51:38",1,14
40,AMANDA,CARTER,AMANDA.CARTER@sakilacustomer.org,2,Nador,Morocco,27,110.73,9.99,0.99,4.10,5.52,Games,"VIDEOTAPE ARSENIC","2005-08-22 16:06:49",1,13
41,STEPHANIE,MITCHELL,STEPHANIE.MITCHELL@sakilacustomer.org,1,Yerevan,Armenia,25,118.75,9.99,0.99,4.75,5.17,Animation,"HOLES BRANNIGAN","2006-02-14 15:16:03",1,11
42,CAROLYN,PEREZ,CAROLYN.PEREZ@sakilacustomer.org,2,"Pak Kret",Thailand,30,117.70,7.99,0.99,3.92,5.07,Sci-Fi,"SUSPECTS QUILLS","2006-02-14 15:16:03",1,14
43,CHRISTINE,ROBERTS,CHRISTINE.ROBERTS@sakilacustomer.org,2,Faaa,"French Polynesia",24,99.76,6.99,0.99,4.16,3.73,New,"SHAWSHANK BUBBLE","2006-02-14 15:16:03",1,10
44,MARIE,TURNER,MARIE.TURNER@sakilacustomer.org,1,Lipetsk,"Russian Federation",26,114.74,9.99,0.99,4.41,4.80,Animation,"CHAINSAW UPTOWN","2006-02-14 15:16:03",1,13
45,JANET,PHILLIPS,JANET.PHILLIPS@sakilacustomer.org,1,Antofagasta,Chile,27,127.73,10.99,0.99,4.73,5.33,Action,"FERRIS MOTHER","2005-08-23 22:13:04",1,14
46,CATHERINE,CAMPBELL,CATHERINE.CAMPBELL@sakilacustomer.org,2,Moscow,"Russian Federation",34,142.66,8.99,0.99,4.20,4.21,Animation,"WITCHES PANIC","2005-08-23 12:47:26",1,18
47,FRANCES,PARKER,FRANCES.PARKER@sakilacustomer.org,1,"Juazeiro do Norte",Brazil,22,108.78,9.99,0.99,4.94,5.68,Action,"AMERICAN CIRCUS","2005-08-23 15:39:18",1,13
48,ANN,EVANS,ANN.EVANS@sakilacustomer.org,1,Niznekamsk,"Russian Federation",17,76.83,9.99,0.99,4.52,5.94,Music,"JUGGLER HARDLY","2005-08-22 17:27:23",1,10
49,JOYCE,EDWARDS,JOYCE.EDWARDS@sakilacustomer.org,2,Jedda,"Saudi Arabia",28,130.72,10.99,0.99,4.67,4.89,Family,"RUGRATS SHAKESPEARE","2005-08-21 20:02:18",1,11
50,DIANE,COLLINS,DIANE.COLLINS@sakilacustomer.org,1,Omdurman,Sudan,35,169.65,10.99,0.99,4.85,5.54,Drama,"HUNCHBACK IMPOSSIBLE","2005-08-23 21:25:03",1,13
51,ALICE,STEWART,ALICE.STEWART@sakilacustomer.org,1,Fontana,"United States",33,138.67,9.99,0.99,4.20,5.00,Action,"FALCON VOLUME","2005-08-22 04:31:50",1,19
52,JULIE,SANCHEZ,JULIE.SANCHEZ@sakilacustomer.org,1,"A Coruña (La Coruña)",Spain,29,107.71,7.99,0.99,3.71,5.50,Documentary,"BLADE POLISH","2006-02-14 15:16:03",1,11
53,HEATHER,MORRIS,HEATHER.MORRIS@sakilacustomer.org,1,Nagareyama,Japan,30,115.70,9.99,0.99,3.86,4.54,Classics,"JEEPERS WEDDING","2006-02-14 15:16:03",1,9
54,TERESA,ROGERS,TERESA.ROGERS@sakilacustomer.org,1,Iwakuni,Japan,29,128.71,10.99,0.99,4.44,4.31,Animation,"WAIT CIDER","2005-08-23 05:20:36",1,13
55,DORIS,REED,DORIS.REED@sakilacustomer.org,2,Balašiha,"Russian Federation",22,100.78,9.99,0.99,4.58,4.00,Games,"MOONSHINE CABIN","2005-08-22 19:37:20",1,11
56,GLORIA,COOK,GLORIA.COOK@sakilacustomer.org,1,Papeete,"French Polynesia",30,135.70,8.99,0.99,4.52,5.45,Comedy,"SUSPECTS QUILLS","2006-02-14 15:16:03",1,13
57,EVELYN,MORGAN,EVELYN.MORGAN@sakilacustomer.org,2,Vaduz,Liechtenstein,28,114.72,9.99,0.99,4.10,5.07,Action,"MIDSUMMER GROUNDHOG","2005-08-23 16:24:24",1,15
58,JEAN,BELL,JEAN.BELL@sakilacustomer.org,1,Kuching,Malaysia,27,115.73,9.99,0.99,4.29,4.62,Comedy,"DOOM DANCING","2006-02-14 15:16:03",1,15
59,CHERYL,MURPHY,CHERYL.MURPHY@sakilacustomer.org,1,Mysore,India,27,133.73,8.99,2.99,4.95,5.59,New,"GUNFIGHT MOON","2005-08-23 17:33:04",1,10
60,MILDRED,BAILEY,MILDRED.BAILEY@sakilacustomer.org,1,Jaipur,India,25,98.75,9.98,0.99,3.95,5.00,Action,"MASK PEACH","2006-02-14 15:16:03",1,16
61,KATHERINE,RIVERA,KATHERINE.RIVERA@sakilacustomer.org,2,Basel,Switzerland,14,58.86,9.99,0.99,4.20,6.00,Sci-Fi,"FIREBALL PHILADELPHIA","2005-08-23 09:35:34",1,8
62,JOAN,COOPER,JOAN.COOPER@sakilacustomer.org,1,"Saint Louis","United States",23,84.77,8.99,0.99,3.69,4.78,Games,"CHEAPER CLYDE","2005-08-23 06:11:52",1,13
63,ASHLEY,RICHARDSON,ASHLEY.RICHARDSON@sakilacustomer.org,1,Lincoln,"United States",25,112.75,8.99,0.99,4.51,5.60,New,"EARTH VISION","2005-08-22 17:30:25",1,10
64,JUDITH,COX,JUDITH.COX@sakilacustomer.org,2,Daxian,China,33,100.67,6.99,0.99,3.05,4.63,Documentary,"MASKED BUBBLE","2006-02-14 15:16:03",0,16
65,ROSE,HOWARD,ROSE.HOWARD@sakilacustomer.org,2,Cayenne,"French Guiana",22,103.78,8.99,0.99,4.72,5.68,Animation,"TEEN APOLLO","2005-08-21 09:08:51",1,16
66,JANICE,WARD,JANICE.WARD@sakilacustomer.org,2,Malmö,Sweden,34,144.66,8.99,0.99,4.25,5.21,Games,"SLEEPING SUSPECTS","2005-08-23 06:23:26",1,18
67,KELLY,TORRES,KELLY.TORRES@sakilacustomer.org,1,Xi´angtan,China,22,99.78,9.99,0.99,4.54,4.86,Games,"HEAD STRANGER","2005-08-22 11:19:22",1,11
68,NICOLE,PETERSON,NICOLE.PETERSON@sakilacustomer.org,1,Shivapuri,India,22,94.78,8.99,0.99,4.31,4.55,Family,"BILKO ANONYMOUS","2005-08-23 03:36:26",1,11
69,JUDY,GRAY,JUDY.GRAY@sakilacustomer.org,2,Béchar,Algeria,25,96.75,8.99,0.99,3.87,5.54,Sci-Fi,"HANOVER GALAXY","2006-02-14 15:16:03",1,16
70,CHRISTINA,RAMIREZ,CHRISTINA.RAMIREZ@sakilacustomer.org,2,al-Hawiya,"Saudi Arabia",18,80.82,9.99,0.99,4.49,4.33,Sports,"MASSACRE USUAL","2005-08-23 07:06:38",1,8
71,KATHY,JAMES,KATHY.JAMES@sakilacustomer.org,1,Baybay,Philippines,30,129.70,9.99,0.99,4.32,4.57,Music,"INSIDER ARIZONA","2005-08-23 20:44:36",1,13
72,THERESA,WATSON,THERESA.WATSON@sakilacustomer.org,2,Taguig,Philippines,30,99.70,6.99,0.99,3.32,4.27,Horror,"BIRDCAGE CASPER","2005-08-22 13:57:55",1,15
73,BEVERLY,BROOKS,BEVERLY.BROOKS@sakilacustomer.org,2,Chiayi,Taiwan,24,97.76,9.99,0.99,4.07,4.26,Children,"USUAL UNTOUCHABLES","2006-02-14 15:16:03",1,11
74,DENISE,KELLY,DENISE.KELLY@sakilacustomer.org,1,"Rio Claro",Brazil,27,103.73,7.99,0.99,3.84,5.59,Sci-Fi,"VOYAGE LEGALLY","2005-08-23 22:26:47",1,14
75,TAMMY,SANDERS,TAMMY.SANDERS@sakilacustomer.org,2,Changhwa,Taiwan,41,155.59,9.99,0.99,3.79,4.95,Family,"MOVIE SHAKESPEARE","2006-02-14 15:16:03",1,23
76,IRENE,PRICE,IRENE.PRICE@sakilacustomer.org,2,Pavlodar,Kazakstan,23,77.77,10.99,0.99,3.38,5.04,Drama,"STORM HAPPINESS","2005-08-23 05:17:23",1,13
77,JANE,BENNETT,JANE.BENNETT@sakilacustomer.org,2,Araçatuba,Brazil,28,100.72,9.99,0.99,3.60,5.32,Games,"PATRIOT ROMAN","2005-08-22 21:34:00",1,10
78,LORI,WOOD,LORI.WOOD@sakilacustomer.org,1,"Rae Bareli",India,31,141.69,10.99,0.99,4.57,5.71,Sports,"ARMY FLINTSTONES","2005-08-23 22:18:51",1,11
79,RACHEL,BARNES,RACHEL.BARNES@sakilacustomer.org,1,Kamakura,Japan,22,84.78,9.99,0.99,3.85,4.64,Sci-Fi,"TEMPLE ATTRACTION","2005-08-21 03:14:27",1,11
80,MARILYN,ROSS,MARILYN.ROSS@sakilacustomer.org,1,Ife,Nigeria,30,137.70,8.99,0.99,4.59,5.45,New,"BREAKFAST GOLDFINGER","2006-02-14 15:16:03",1,14
81,ANDREA,HENDERSON,ANDREA.HENDERSON@sakilacustomer.org,1,Mahajanga,Madagascar,22,93.78,9.99,0.99,4.26,4.36,Horror,"LOUISIANA HARRY","2005-08-23 16:45:28",1,13
82,KATHRYN,COLEMAN,KATHRYN.COLEMAN@sakilacustomer.org,1,Simferopol,Ukraine,26,130.74,9.99,0.99,5.03,6.12,Action,"STRANGELOVE DESIRE","2005-08-23 03:12:54",1,12
83,LOUISE,JENKINS,LOUISE.JENKINS@sakilacustomer.org,1,Springs,"South Africa",25,101.75,6.99,0.99,4.07,4.50,Sci-Fi,"MOURNING PURPLE","2006-02-14 15:16:03",1,12
84,SARA,PERRY,SARA.PERRY@sakilacustomer.org,2,Atlixco,Mexico,33,141.67,9.99,0.99,4.29,4.36,Animation,"STREETCAR INTENTIONS","2005-08-22 18:16:50",1,20
85,ANNE,POWELL,ANNE.POWELL@sakilacustomer.org,2,Bradford,"United Kingdom",23,87.77,9.99,0.99,3.82,4.09,Comedy,"MINE TITANS","2005-08-20 10:25:12",1,9
86,JACQUELINE,LONG,JACQUELINE.LONG@sakilacustomer.org,2,Songkhla,Thailand,33,148.67,10.99,0.99,4.51,4.58,Drama,"DRUMLINE CYCLONE","2005-08-23 18:45:06",1,16
87,WANDA,PATTERSON,WANDA.PATTERSON@sakilacustomer.org,1,Sincelejo,Colombia,30,145.70,10.99,0.99,4.86,4.90,Sports,"SUN CONFESSIONS","2006-02-14 15:16:03",1,12
88,BONNIE,HUGHES,BONNIE.HUGHES@sakilacustomer.org,2,Cheju,"South Korea",21,87.79,8.99,0.99,4.18,5.86,Travel,"ESCAPE METROPOLIS","2005-08-23 17:13:01",1,13
89,JULIA,FLORES,JULIA.FLORES@sakilacustomer.org,1,"La Plata",Argentina,32,134.68,8.99,0.99,4.21,5.47,Action,"CONGENIALITY QUEST","2005-08-23 15:38:34",1,13
90,RUBY,WASHINGTON,RUBY.WASHINGTON@sakilacustomer.org,2,Meixian,China,28,110.72,9.99,0.99,3.95,5.18,Animation,"WITCHES PANIC","2005-08-23 09:16:39",1,13
91,LOIS,BUTLER,LOIS.BUTLER@sakilacustomer.org,2,"Bandar Seri Begawan",Brunei,35,113.65,5.99,0.99,3.25,5.15,Sports,"FEATHERS METAL","2006-02-14 15:16:03",1,20
92,TINA,SIMMONS,TINA.SIMMONS@sakilacustomer.org,2,Goiânia,Brazil,28,133.72,8.99,0.99,4.78,5.18,Drama,"LIES TREATMENT","2005-08-22 07:53:14",1,16
93,PHYLLIS,FOSTER,PHYLLIS.FOSTER@sakilacustomer.org,1,Zalantun,China,23,91.77,8.99,0.99,3.99,5.13,Classics,"OZ LIAISONS","2005-08-23 17:48:30",1,10
94,NORMA,GONZALES,NORMA.GONZALES@sakilacustomer.org,1,Bislig,Philippines,21,79.79,8.99,0.99,3.80,5.20,Family,"HUNGER ROOF","2006-02-14 15:16:03",1,13
95,PAULA,BRYANT,PAULA.BRYANT@sakilacustomer.org,2,Pathankot,India,18,77.82,7.99,0.99,4.32,5.06,Action,"SCORPION APOLLO","2005-08-21 03:51:52",1,8
96,DIANA,ALEXANDER,DIANA.ALEXANDER@sakilacustomer.org,1,"Augusta-Richmond County","United States",27,105.73,7.99,0.99,3.92,4.74,Documentary,"JEOPARDY ENCINO","2005-08-23 20:24:36",1,8
97,ANNIE,RUSSELL,ANNIE.RUSSELL@sakilacustomer.org,2,Tete,Mozambique,18,58.82,5.99,0.99,3.27,3.56,New,"LONELY ELEPHANT","2005-08-22 08:20:15",1,9
98,LILLIAN,GRIFFIN,LILLIAN.GRIFFIN@sakilacustomer.org,1,al-Ayn,"United Arab Emirates",25,106.75,7.99,0.99,4.27,5.00,Sports,"FISH OPUS","2005-08-23 03:58:28",1,9
99,EMILY,DIAZ,EMILY.DIAZ@sakilacustomer.org,2,Kimchon,"South Korea",24,91.76,8.99,0.99,3.82,4.22,Sports,"PRINCESS GIANT","2006-02-14 15:16:03",1,12
100,ROBIN,HAYES,ROBIN.HAYES@sakilacustomer.org,1,Jelets,"Russian Federation",24,102.76,8.99,0.99,4.28,4.65,Classics,"LOATHING LEGALLY","2006-02-14 15:16:03",1,8
101,PEGGY,MYERS,PEGGY.MYERS@sakilacustomer.org,1,Abha,"Saudi Arabia",24,96.76,9.99,0.99,4.03,4.96,Animation,"MISSION ZOOLANDER","2006-02-14 15:16:03",1,13
102,CRYSTAL,FORD,CRYSTAL.FORD@sakilacustomer.org,1,Ashdod,Israel,33,137.67,9.99,0.99,4.17,5.48,Sci-Fi,"TITANIC BOONDOCK","2005-08-23 21:59:26",1,16
103,GLADYS,HAMILTON,GLADYS.HAMILTON@sakilacustomer.org,1,Ilorin,Nigeria,31,146.69,9.99,0.99,4.73,5.39,Animation,"RULES HUMAN","2005-08-23 22:43:07",1,17
104,RITA,GRAHAM,RITA.GRAHAM@sakilacustomer.org,1,Toulon,France,24,92.76,10.99,0.99,3.87,4.96,Action,"KISSING DOLLS","2005-08-22 15:52:57",1,8
105,DAWN,SULLIVAN,DAWN.SULLIVAN@sakilacustomer.org,1,Funafuti,Tuvalu,26,120.74,9.99,0.99,4.64,5.50,Children,"MODEL FISH","2005-08-23 14:27:07",1,11
106,CONNIE,WALLACE,CONNIE.WALLACE@sakilacustomer.org,1,Ivanovo,"Russian Federation",23,100.77,8.99,0.99,4.38,5.04,Horror,"AFRICAN EGG","2005-08-22 14:27:37",1,10
107,FLORENCE,WOODS,FLORENCE.WOODS@sakilacustomer.org,1,Merlo,Argentina,30,126.70,7.99,0.99,4.22,5.25,Sci-Fi,"SLEEPY JAPANESE","2006-02-14 15:16:03",1,15
108,TRACY,COLE,TRACY.COLE@sakilacustomer.org,1,Huixquilucan,Mexico,30,132.70,8.99,0.99,4.42,4.69,Comedy,"ZORRO ARK","2006-02-14 15:16:03",1,9
109,EDNA,WEST,EDNA.WEST@sakilacustomer.org,2,Klerksdorp,"South Africa",26,107.74,7.99,0.99,4.14,5.50,Sci-Fi,"ROLLERCOASTER BRINGING","2005-08-23 09:23:36",1,16
110,TIFFANY,JORDAN,TIFFANY.JORDAN@sakilacustomer.org,2,Enshi,China,14,59.86,8.99,0.99,4.28,4.36,Drama,"ROCKY WAR","2005-08-22 22:28:36",1,6
111,CARMEN,OWENS,CARMEN.OWENS@sakilacustomer.org,1,Caracas,Venezuela,26,97.74,9.99,0.99,3.76,5.00,Action,"AFFAIR PREJUDICE","2006-02-14 15:16:03",1,13
112,ROSA,REYNOLDS,ROSA.REYNOLDS@sakilacustomer.org,2,Lancaster,"United States",30,133.70,8.99,0.99,4.46,4.93,Classics,"DETECTIVE VISION","2005-08-23 12:47:05",1,14
113,CINDY,FISHER,CINDY.FISHER@sakilacustomer.org,2,Cumaná,Venezuela,29,113.71,8.99,0.99,3.92,5.00,Documentary,"VIRGINIAN PLUTO","2005-08-23 13:18:16",1,13
114,GRACE,ELLIS,GRACE.ELLIS@sakilacustomer.org,2,Duisburg,Germany,33,139.67,10.99,0.99,4.23,4.13,Foreign,"BETRAYED REAR","2006-02-14 15:16:03",1,13
115,WENDY,HARRISON,WENDY.HARRISON@sakilacustomer.org,1,Nezahualcóyotl,Mexico,30,91.70,6.99,0.99,3.06,4.76,Classics,"HAUNTING PIANIST","2006-02-14 15:16:03",1,16
116,VICTORIA,GIBSON,VICTORIA.GIBSON@sakilacustomer.org,1,Pemalang,Indonesia,27,111.73,11.99,0.99,4.14,4.41,Family,"AIRPORT POLLOCK","2005-08-22 04:44:09",1,13
117,EDITH,MCDONALD,EDITH.MCDONALD@sakilacustomer.org,1,Gandhinagar,India,19,71.81,9.99,0.99,3.78,3.95,Action,"WASH HEAVENLY","2005-08-23 00:26:52",1,11
118,KIM,CRUZ,KIM.CRUZ@sakilacustomer.org,1,"Grand Prairie","United States",21,82.79,7.99,0.99,3.94,5.05,Games,"ROUGE SQUAD","2005-08-23 11:33:25",1,9
119,SHERRY,MARSHALL,SHERRY.MARSHALL@sakilacustomer.org,1,"Shubra al-Khayma",Egypt,34,153.66,8.99,0.99,4.52,5.26,Sci-Fi,"SEABISCUIT PUNK","2005-08-23 21:52:56",1,21
120,SYLVIA,ORTIZ,SYLVIA.ORTIZ@sakilacustomer.org,2,"Dos Quebradas",Colombia,32,143.68,9.99,0.99,4.49,5.39,Family,"TEEN APOLLO","2006-02-14 15:16:03",1,12
121,JOSEPHINE,GOMEZ,JOSEPHINE.GOMEZ@sakilacustomer.org,1,Etawah,India,26,109.74,9.99,0.99,4.22,5.12,Action,"WASH HEAVENLY","2005-08-23 22:20:26",1,16
122,THELMA,MURRAY,THELMA.MURRAY@sakilacustomer.org,1,Lima,Peru,32,126.68,7.99,0.99,3.96,4.53,Horror,"DISCIPLE MOTHER","2005-08-21 19:51:09",1,19
123,SHANNON,FREEMAN,SHANNON.FREEMAN@sakilacustomer.org,2,"Varanasi (Benares)",India,24,100.76,8.99,0.99,4.20,5.58,New,"SHAKESPEARE SADDLE","2005-08-23 13:51:57",1,11
124,SHEILA,WELLS,SHEILA.WELLS@sakilacustomer.org,1,Kütahya,Turkey,18,73.82,8.99,0.99,4.10,5.28,Documentary,"DYNAMITE TARZAN","2005-08-23 21:45:02",0,8
125,ETHEL,WEBB,ETHEL.WEBB@sakilacustomer.org,1,Boksburg,"South Africa",32,135.68,9.99,0.99,4.24,5.16,Documentary,"METAL ARMAGEDDON","2005-08-22 10:14:39",1,22
126,ELLEN,SIMPSON,ELLEN.SIMPSON@sakilacustomer.org,1,Poá,Brazil,28,117.72,9.99,0.99,4.20,5.00,Action,"MATRIX SNOWMAN","2005-08-23 21:02:43",1,12
127,ELAINE,STEVENS,ELAINE.STEVENS@sakilacustomer.org,2,Smolensk,"Russian Federation",24,107.76,10.99,0.99,4.49,5.38,Travel,"PAPI NECKLACE","2005-08-23 11:40:30",1,10
128,MARJORIE,TUCKER,MARJORIE.TUCKER@sakilacustomer.org,1,Jastrzebie-Zdrój,Poland,32,127.68,8.99,0.99,3.99,4.88,Music,"BOOGIE AMELIE","2005-08-23 15:25:27",1,15
129,CARRIE,PORTER,CARRIE.PORTER@sakilacustomer.org,1,Liaocheng,China,34,124.66,10.99,0.99,3.67,5.00,Classics,"DINOSAUR SECRETARY","2005-08-22 06:46:59",1,20
130,CHARLOTTE,HUNTER,CHARLOTTE.HUNTER@sakilacustomer.org,1,"Águas Lindas de Goiás",Brazil,24,93.76,6.99,0.99,3.91,5.17,Sci-Fi,"BLANKET BEVERLY","2005-08-23 13:29:08",1,10
131,MONICA,HICKS,MONICA.HICKS@sakilacustomer.org,2,Mukatševe,Ukraine,30,128.70,9.99,0.99,4.29,4.53,Action,"DREAM PICKUP","2005-08-23 22:20:40",1,17
132,ESTHER,CRAWFORD,ESTHER.CRAWFORD@sakilacustomer.org,2,Botshabelo,"South Africa",28,95.72,6.99,0.99,3.42,4.61,Animation,"JERK PAYCHECK","2005-08-23 16:30:55",1,14
133,PAULINE,HENRY,PAULINE.HENRY@sakilacustomer.org,1,Torreón,Mexico,27,98.73,7.99,0.99,3.66,4.70,Drama,"GRAFFITI LOVE","2005-08-23 21:07:59",1,13
134,EMMA,BOYD,EMMA.BOYD@sakilacustomer.org,1,Qalyub,Egypt,23,94.77,9.99,0.99,4.12,4.43,Horror,"BLADE POLISH","2005-08-23 19:42:46",1,11
135,JUANITA,MASON,JUANITA.MASON@sakilacustomer.org,2,Pune,India,30,110.70,7.99,0.99,3.69,5.45,Children,"THIEF PELICAN","2006-02-14 15:16:03",1,16
136,ANITA,MORALES,ANITA.MORALES@sakilacustomer.org,2,Hubli-Dharwad,India,15,62.85,10.99,0.99,4.19,5.07,Action,"GIANT TROOPERS","2005-08-23 00:34:28",1,4
137,RHONDA,KENNEDY,RHONDA.KENNEDY@sakilacustomer.org,2,Apeldoorn,Netherlands,39,194.61,9.99,0.99,4.99,6.00,Games,"DAWN POND","2005-08-23 21:56:04",1,16
138,HAZEL,WARREN,HAZEL.WARREN@sakilacustomer.org,1,Hohhot,China,34,110.66,9.99,0.99,3.25,4.09,Sports,"HIGH ENCINO","2005-08-23 02:39:56",1,22
139,AMBER,DIXON,AMBER.DIXON@sakilacustomer.org,1,Touliu,Taiwan,27,113.73,9.99,0.99,4.21,5.04,Games,"DIVINE RESURRECTION","2005-08-23 12:12:05",1,12
140,EVA,RAMOS,EVA.RAMOS@sakilacustomer.org,1,Clarksville,"United States",18,83.82,10.99,0.99,4.66,5.33,Travel,"COMA HEAD","2005-08-23 15:47:02",1,8
141,DEBBIE,REYES,DEBBIE.REYES@sakilacustomer.org,1,Fukuyama,Japan,32,130.68,7.99,0.99,4.08,4.44,Children,"NETWORK PEAK","2005-08-23 19:45:25",1,17
142,APRIL,BURNS,APRIL.BURNS@sakilacustomer.org,1,Dundee,"United Kingdom",26,94.74,9.99,0.99,3.64,4.88,Documentary,"WIFE TURN","2006-02-14 15:16:03",1,13
143,LESLIE,GORDON,LESLIE.GORDON@sakilacustomer.org,1,Kilis,Turkey,22,89.78,7.99,0.99,4.08,4.91,Documentary,"SHANE DARKNESS","2005-08-23 21:54:02",1,6
144,CLARA,SHAW,CLARA.SHAW@sakilacustomer.org,1,Molodetšno,Belarus,42,195.58,9.99,0.99,4.66,5.60,Drama,"LEBOWSKI SOLDIERS","2005-08-23 12:43:30",1,17
145,LUCILLE,HOLMES,LUCILLE.HOLMES@sakilacustomer.org,1,Soshanguve,"South Africa",28,108.72,8.99,0.99,3.88,4.25,Animation,"WOMEN DORADO","2005-08-21 10:15:20",1,10
146,JAMIE,RICE,JAMIE.RICE@sakilacustomer.org,1,"Sterling Heights","United States",29,139.71,7.99,0.99,4.82,5.21,Music,"SLEEPLESS MONSOON","2005-08-23 15:36:05",1,18
147,JOANNE,ROBERTSON,JOANNE.ROBERTSON@sakilacustomer.org,2,Urawa,Japan,34,127.66,8.99,0.99,3.75,4.91,Action,"KWAI HOMEWARD","2005-08-23 20:53:20",1,19
148,ELEANOR,HUNT,ELEANOR.HUNT@sakilacustomer.org,1,Saint-Denis,Réunion,46,216.54,10.99,0.99,4.71,5.24,Sci-Fi,"PREJUDICE OLEANDER","2005-08-23 05:57:04",1,21
149,VALERIE,BLACK,VALERIE.BLACK@sakilacustomer.org,1,Brockton,"United States",26,121.74,10.99,0.99,4.68,5.96,Sports,"DOGMA FAMILY","2005-08-23 05:04:33",1,10
150,DANIELLE,DANIELS,DANIELLE.DANIELS@sakilacustomer.org,2,Hidalgo,Mexico,25,105.75,9.99,0.99,4.23,5.44,Sports,"DRIVER ANNIE","2005-08-21 19:47:55",1,16
151,MEGAN,PALMER,MEGAN.PALMER@sakilacustomer.org,2,Laiwu,China,27,92.73,5.99,0.99,3.43,3.96,Action,"DOGMA FAMILY","2005-08-23 20:31:38",1,10
152,ALICIA,MILLS,ALICIA.MILLS@sakilacustomer.org,1,Nagaon,India,21,83.79,7.99,0.99,3.99,4.25,Comedy,"DRIVING POLISH","2006-02-14 15:16:03",1,15
153,SUZANNE,NICHOLS,SUZANNE.NICHOLS@sakilacustomer.org,2,Jakarta,Indonesia,24,94.76,9.99,0.99,3.95,4.83,Games,"EXPENDABLE STALLION","2005-08-23 06:15:09",1,13
154,MICHELE,GRANT,MICHELE.GRANT@sakilacustomer.org,2,Yuncheng,China,30,130.70,7.99,0.99,4.36,4.73,Sci-Fi,"WILLOW TRACY","2005-08-23 11:16:16",1,15
155,GAIL,KNIGHT,GAIL.KNIGHT@sakilacustomer.org,1,Bern,Switzerland,25,109.75,8.99,0.99,4.39,4.74,Classics,"JERICHO MULAN","2006-02-14 15:16:03",1,12
156,BERTHA,FERGUSON,BERTHA.FERGUSON@sakilacustomer.org,1,Ondo,Nigeria,25,101.75,9.99,0.99,4.07,4.88,Horror,"DORADO NOTTING","2005-08-22 23:26:32",1,11
157,DARLENE,ROSE,DARLENE.ROSE@sakilacustomer.org,2,Pyongyang,"North Korea",31,113.69,6.99,0.99,3.67,4.29,Documentary,"WAIT CIDER","2005-08-22 07:04:25",1,16
158,VERONICA,STONE,VERONICA.STONE@sakilacustomer.org,1,Greensboro,"United States",32,126.68,8.99,0.99,3.96,4.75,Animation,"DANCING FEVER","2005-08-23 14:26:51",1,17
159,JILL,HAWKINS,JILL.HAWKINS@sakilacustomer.org,1,Linz,Austria,21,68.79,8.99,0.99,3.28,4.71,Classics,"MALKOVICH PET","2005-08-22 16:14:25",1,12
160,ERIN,DUNN,ERIN.DUNN@sakilacustomer.org,2,Ljubertsy,"Russian Federation",27,106.73,7.99,0.99,3.95,4.74,Documentary,"MIGHTY LUCK","2005-08-23 21:49:33",1,15
161,GERALDINE,PERKINS,GERALDINE.PERKINS@sakilacustomer.org,1,"Tel Aviv-Jaffa",Israel,30,112.70,7.99,0.99,3.76,4.23,Foreign,"ROBBERS JOON","2005-08-22 23:55:51",1,12
162,LAUREN,HUDSON,LAUREN.HUDSON@sakilacustomer.org,2,"Le Mans",France,20,71.80,7.99,0.99,3.59,4.05,Sports,"MADNESS ATTACKS","2006-02-14 15:16:03",1,11
163,CATHY,SPENCER,CATHY.SPENCER@sakilacustomer.org,1,Kakamigahara,Japan,29,122.71,10.99,0.99,4.23,5.15,Documentary,"ANGELS LIFE","2006-02-14 15:16:03",1,17
164,JOANN,GARDNER,JOANN.GARDNER@sakilacustomer.org,2,Tarsus,Turkey,16,66.84,8.99,0.99,4.18,4.88,Music,"ANACONDA CONFESSIONS","2005-08-20 00:30:51",1,10
165,LORRAINE,STEPHENS,LORRAINE.STEPHENS@sakilacustomer.org,2,Hami,China,21,86.79,7.99,0.99,4.13,4.67,Classics,"MERMAID INSECTS","2005-08-23 15:23:50",1,9
166,LYNN,PAYNE,LYNN.PAYNE@sakilacustomer.org,1,Lilongwe,Malawi,28,123.72,8.99,0.99,4.42,4.64,Music,"PACIFIC AMISTAD","2005-08-23 14:31:50",1,9
167,SALLY,PIERCE,SALLY.PIERCE@sakilacustomer.org,2,Chandrapur,India,32,119.68,6.99,0.99,3.74,3.47,Music,"WORDS HUNTER","2005-08-23 17:52:01",1,19
168,REGINA,BERRY,REGINA.BERRY@sakilacustomer.org,1,Jinchang,China,34,135.66,10.99,0.99,3.99,5.55,Foreign,"ENGLISH BULWORTH","2006-02-14 15:16:03",1,14
169,ERICA,MATTHEWS,ERICA.MATTHEWS@sakilacustomer.org,2,Pingxiang,China,22,95.78,9.99,0.99,4.35,4.59,Drama,"CONEHEADS SMOOCHY","2005-08-23 09:33:22",0,12
170,BEATRICE,ARNOLD,BEATRICE.ARNOLD@sakilacustomer.org,1,Udaipur,India,26,119.74,9.99,0.99,4.61,5.58,Sci-Fi,"SWEET BROTHERHOOD","2005-08-23 04:27:06",1,11
171,DOLORES,WAGNER,DOLORES.WAGNER@sakilacustomer.org,2,Ipoh,Malaysia,26,114.74,9.99,0.99,4.41,5.58,Children,"EXPENDABLE STALLION","2005-08-23 14:43:15",1,16
172,BERNICE,WILLIS,BERNICE.WILLIS@sakilacustomer.org,1,Batman,Turkey,33,145.67,8.99,0.99,4.41,5.48,Action,"LUCKY FLYING","2005-08-23 22:14:31",1,18
173,AUDREY,RAY,AUDREY.RAY@sakilacustomer.org,1,Graz,Austria,29,119.71,8.99,0.99,4.13,4.59,Documentary,"OTHERS SOUP","2005-08-23 21:10:24",1,14
174,YVONNE,WATKINS,YVONNE.WATKINS@sakilacustomer.org,2,"Ocumare del Tuy",Venezuela,21,92.79,8.99,0.99,4.42,4.71,Travel,"GRIT CLOCKWORK","2005-08-23 20:06:23",1,12
175,ANNETTE,OLSON,ANNETTE.OLSON@sakilacustomer.org,1,"Allappuzha (Alleppey)",India,24,98.76,7.99,0.99,4.12,5.32,Games,"HAROLD FRENCH","2006-02-14 15:16:03",1,15
176,JUNE,CARROLL,JUNE.CARROLL@sakilacustomer.org,1,Skikda,Algeria,37,173.63,8.99,0.99,4.69,5.73,Animation,"NOTTING SPEAKEASY","2005-08-23 18:36:44",1,18
177,SAMANTHA,DUNCAN,SAMANTHA.DUNCAN@sakilacustomer.org,2,Matamoros,Mexico,23,71.77,9.99,0.99,3.12,4.09,Sports,"MURDER ANTITRUST","2005-08-22 03:55:02",1,16
178,MARION,SNYDER,MARION.SNYDER@sakilacustomer.org,2,"Santa Bárbara d´Oeste",Brazil,39,194.61,10.99,0.99,4.99,5.63,Travel,"WIFE TURN","2006-02-14 15:16:03",1,18
179,DANA,HART,DANA.HART@sakilacustomer.org,1,Kirovo-Tšepetsk,"Russian Federation",29,133.71,8.99,0.99,4.61,5.03,Family,"POLISH BROOKLYN","2005-08-23 20:20:23",1,17
180,STACY,CUNNINGHAM,STACY.CUNNINGHAM@sakilacustomer.org,2,Pereira,Colombia,23,98.77,9.99,0.99,4.29,5.64,Documentary,"FATAL HAUNTED","2006-02-14 15:16:03",1,12
181,ANA,BRADLEY,ANA.BRADLEY@sakilacustomer.org,2,Memphis,"United States",34,174.66,9.99,0.99,5.14,6.06,Family,"BUCKET BROTHERHOOD","2006-02-14 15:16:03",1,19
182,RENEE,LANE,RENEE.LANE@sakilacustomer.org,1,Compton,"United States",26,97.74,8.99,0.99,3.76,5.04,Games,"OUTBREAK DIVINE","2005-08-22 09:49:32",1,12
183,IDA,ANDREWS,IDA.ANDREWS@sakilacustomer.org,2,Luziânia,Brazil,23,76.77,5.99,0.99,3.34,4.65,Sci-Fi,"VOLCANO TEXAS","2005-08-20 03:35:16",1,9
184,VIVIAN,RUIZ,VIVIAN.RUIZ@sakilacustomer.org,1,´s-Hertogenbosch,Netherlands,23,90.77,9.99,0.99,3.95,4.83,Animation,"ATLANTIS CAUSE","2005-08-23 06:56:18",1,14
185,ROBERTA,HARPER,ROBERTA.HARPER@sakilacustomer.org,1,"Shahr-e Kord",Iran,23,84.77,9.99,0.99,3.69,4.35,Foreign,"SCISSORHANDS SLUMS","2005-08-21 14:51:35",1,9
186,HOLLY,FOX,HOLLY.FOX@sakilacustomer.org,2,Haldia,India,31,114.69,8.99,0.99,3.70,4.33,Classics,"FROST HEAD","2006-02-14 15:16:03",1,17
187,BRITTANY,RILEY,BRITTANY.RILEY@sakilacustomer.org,2,Sumy,Ukraine,28,159.72,10.99,0.99,5.70,6.39,Classics,"EAGLES PANKY","2005-08-23 19:59:33",1,15
188,MELANIE,ARMSTRONG,MELANIE.ARMSTRONG@sakilacustomer.org,1,Bayugan,Philippines,25,92.75,5.99,0.99,3.71,3.88,Drama,"OPERATION OPERATION","2006-02-14 15:16:03",1,13
189,LORETTA,CARPENTER,LORETTA.CARPENTER@sakilacustomer.org,1,Oshawa,Canada,22,93.78,9.99,0.99,4.26,5.32,Music,"TORQUE BOUND","2005-08-23 21:04:51",1,11
190,YOLANDA,WEAVER,YOLANDA.WEAVER@sakilacustomer.org,2,Tabora,Tanzania,27,110.73,9.99,0.99,4.10,5.38,Action,"LOVELY JINGLE","2006-02-14 15:16:03",1,17
191,JEANETTE,GREENE,JEANETTE.GREENE@sakilacustomer.org,1,Novotšerkassk,"Russian Federation",20,74.80,6.99,0.99,3.74,4.53,Documentary,"ANTITRUST TOMATOES","2006-02-14 15:16:03",1,7
192,LAURIE,LAWRENCE,LAURIE.LAWRENCE@sakilacustomer.org,1,Firozabad,India,23,99.77,7.99,0.99,4.34,5.50,Comedy,"MOURNING PURPLE","2006-02-14 15:16:03",1,10
193,KATIE,ELLIOTT,KATIE.ELLIOTT@sakilacustomer.org,2,Kisumu,Kenya,25,109.75,8.99,0.99,4.39,4.33,Games,"SUNRISE LEAGUE","2006-02-14 15:16:03",1,11
194,KRISTEN,CHAVEZ,KRISTEN.CHAVEZ@sakilacustomer.org,2,Hino,Japan,18,87.82,7.99,0.99,4.88,5.00,Animation,"SUNRISE LEAGUE","2005-08-23 18:43:22",1,11
195,VANESSA,SIMS,VANESSA.SIMS@sakilacustomer.org,1,Siegen,Germany,19,86.81,11.99,0.99,4.57,4.79,Drama,"DURHAM PANKY","2005-08-23 22:19:33",1,11
196,ALMA,AUSTIN,ALMA.AUSTIN@sakilacustomer.org,1,Mannheim,Germany,35,151.65,11.99,0.99,4.33,4.74,Animation,"FLYING HOOK","2005-08-23 20:10:13",1,14
197,SUE,PETERS,SUE.PETERS@sakilacustomer.org,2,Changzhou,China,40,154.60,9.99,0.99,3.87,4.85,Comedy,"GOLDFINGER SENSIBILITY","2005-08-23 04:12:52",1,18
198,ELSIE,KELLEY,ELSIE.KELLEY@sakilacustomer.org,2,Ikerre,Nigeria,37,141.63,6.99,0.99,3.83,4.49,Documentary,"WEDDING APOLLO","2005-08-23 00:27:18",1,21
199,BETH,FRANKLIN,BETH.FRANKLIN@sakilacustomer.org,2,Haiphong,Vietnam,25,103.75,8.99,0.99,4.15,5.08,New,"LIBERTY MAGNIFICENT","2006-02-14 15:16:03",1,15
200,JEANNE,LAWSON,JEANNE.LAWSON@sakilacustomer.org,2,Ashgabat,Turkmenistan,27,136.73,10.99,0.99,5.06,5.81,Games,"AUTUMN CROW","2006-02-14 15:16:03",1,11
201,VICKI,FIELDS,VICKI.FIELDS@sakilacustomer.org,1,Witten,Germany,25,108.75,9.99,0.99,4.35,5.08,Family,"NETWORK PEAK","2005-08-23 20:06:04",1,12
202,CARLA,GUTIERREZ,CARLA.GUTIERREZ@sakilacustomer.org,2,Bhusawal,India,26,103.74,8.99,0.99,3.99,4.92,Animation,"ARACHNOPHOBIA ROLLERCOASTER","2005-08-23 13:22:56",1,15
203,TARA,RYAN,TARA.RYAN@sakilacustomer.org,1,Gorontalo,Indonesia,20,88.80,10.99,0.99,4.44,5.35,Children,"NONE SPIKING","2005-08-23 20:27:34",1,8
204,ROSEMARY,SCHMIDT,ROSEMARY.SCHMIDT@sakilacustomer.org,1,Usak,Turkey,35,147.65,11.99,0.99,4.22,4.37,New,"VOICE PEACH","2005-08-22 23:48:56",1,18
205,EILEEN,CARR,EILEEN.CARR@sakilacustomer.org,2,"Ciudad del Este",Paraguay,18,80.82,7.99,0.99,4.49,5.56,Horror,"SEABISCUIT PUNK","2005-08-22 23:54:14",1,9
206,TERRI,VASQUEZ,TERRI.VASQUEZ@sakilacustomer.org,1,Blumenau,Brazil,27,126.73,10.99,0.99,4.69,5.11,New,"HUNTER ALTER","2005-08-23 10:36:00",1,18
207,GERTRUDE,CASTILLO,GERTRUDE.CASTILLO@sakilacustomer.org,1,Nuuk,Greenland,34,137.66,9.99,0.99,4.05,5.88,Games,"WIND PHANTOM","2005-08-23 07:25:29",1,25
208,LUCY,WHEELER,LUCY.WHEELER@sakilacustomer.org,1,Balurghat,India,26,91.74,6.99,0.99,3.53,5.33,Documentary,"METAL ARMAGEDDON","2006-02-14 15:16:03",1,17
209,TONYA,CHAPMAN,TONYA.CHAPMAN@sakilacustomer.org,2,Bhilwara,India,32,161.68,9.99,0.99,5.05,5.47,Action,"GRINCH MASSAGE","2005-08-23 02:51:27",1,23
210,ELLA,OLIVER,ELLA.OLIVER@sakilacustomer.org,2,Aden,Yemen,31,137.69,8.99,0.99,4.44,5.23,New,"JADE BUNCH","2005-08-23 18:48:40",1,11
211,STACEY,MONTGOMERY,STACEY.MONTGOMERY@sakilacustomer.org,1,Fuyu,China,34,151.66,8.99,0.99,4.46,5.42,Music,"SLEEPLESS MONSOON","2006-02-14 15:16:03",1,18
212,WILMA,RICHARDS,WILMA.RICHARDS@sakilacustomer.org,2,Bellevue,"United States",20,91.80,10.99,0.99,4.59,5.85,Children,"EVOLUTION ALTER","2005-08-23 18:05:10",1,9
213,GINA,WILLIAMSON,GINA.WILLIAMSON@sakilacustomer.org,1,Taizz,Yemen,28,111.72,8.99,0.99,3.99,4.48,Family,"FURY MURDER","2006-02-14 15:16:03",1,14
214,KRISTIN,JOHNSTON,KRISTIN.JOHNSTON@sakilacustomer.org,1,Sunnyvale,"United States",31,116.69,9.99,0.99,3.76,4.73,Sports,"OUTLAW HANKY","2006-02-14 15:16:03",1,14
215,JESSIE,BANKS,JESSIE.BANKS@sakilacustomer.org,2,"Stara Zagora",Bulgaria,26,91.74,8.99,0.99,3.53,3.56,Foreign,"ZORRO ARK","2006-02-14 15:16:03",1,11
216,NATALIE,MEYER,NATALIE.MEYER@sakilacustomer.org,1,"Aparecida de Goiânia",Brazil,23,95.77,8.99,0.99,4.16,4.62,Travel,"UNDEFEATED DALMATIONS","2006-02-14 15:16:03",1,15
217,AGNES,BISHOP,AGNES.BISHOP@sakilacustomer.org,2,Sambhal,India,23,98.77,8.99,0.99,4.29,4.87,Drama,"LUCKY FLYING","2005-08-22 19:02:48",1,12
218,VERA,MCCOY,VERA.MCCOY@sakilacustomer.org,1,Kabul,Afghanistan,18,67.82,8.99,0.99,3.77,4.67,Comedy,"HAUNTING PIANIST","2005-08-23 05:30:19",1,10
219,WILLIE,HOWELL,WILLIE.HOWELL@sakilacustomer.org,2,"Vicente López",Argentina,26,101.74,7.99,0.99,3.91,5.52,Sci-Fi,"DETECTIVE VISION","2006-02-14 15:16:03",1,10
220,CHARLENE,ALVAREZ,CHARLENE.ALVAREZ@sakilacustomer.org,2,Zanzibar,Tanzania,27,114.73,10.99,0.99,4.25,4.70,New,"CADDYSHACK JEDI","2005-08-23 10:32:52",1,11
221,BESSIE,MORRISON,BESSIE.MORRISON@sakilacustomer.org,1,Syrakusa,Italy,28,132.72,10.99,0.99,4.74,5.64,Drama,"TRIP NEWTON","2005-08-22 12:53:22",1,12
222,DELORES,HANSEN,DELORES.HANSEN@sakilacustomer.org,2,Jaroslavl,"Russian Federation",21,91.79,8.99,0.99,4.37,6.00,Children,"IDOLS SNATCHERS","2005-08-21 08:58:38",1,17
223,MELINDA,FERNANDEZ,MELINDA.FERNANDEZ@sakilacustomer.org,1,"Mandi Bahauddin",Pakistan,17,80.83,7.99,0.99,4.75,4.94,Family,"HOMICIDE PEACH","2005-08-23 08:52:50",1,9
224,PEARL,GARZA,PEARL.GARZA@sakilacustomer.org,2,Jodhpur,India,22,76.78,7.99,0.99,3.49,4.68,Foreign,"CRUSADE HONEY","2005-08-23 19:11:29",1,10
225,ARLENE,HARVEY,ARLENE.HARVEY@sakilacustomer.org,1,Ambattur,India,26,120.74,7.99,0.99,4.64,5.31,Games,"DORADO NOTTING","2005-08-21 12:07:25",1,9
226,MAUREEN,LITTLE,MAUREEN.LITTLE@sakilacustomer.org,2,Asunción,Paraguay,21,87.79,9.99,0.99,4.18,5.14,Animation,"OSCAR GOLD","2005-08-23 22:06:15",1,10
227,COLLEEN,BURTON,COLLEEN.BURTON@sakilacustomer.org,1,Saarbrücken,Germany,24,87.76,7.99,0.99,3.66,5.65,Documentary,"SNATCH SLIPPER","2006-02-14 15:16:03",1,11
228,ALLISON,STANLEY,ALLISON.STANLEY@sakilacustomer.org,2,"Phnom Penh",Cambodia,27,92.73,8.99,0.99,3.43,3.96,Foreign,"HOTEL HAPPINESS","2006-02-14 15:16:03",1,13
229,TAMARA,NGUYEN,TAMARA.NGUYEN@sakilacustomer.org,1,Anápolis,Brazil,25,93.75,7.99,0.99,3.75,4.67,Sports,"DOOM DANCING","2006-02-14 15:16:03",1,18
230,JOY,GEORGE,JOY.GEORGE@sakilacustomer.org,2,Botosani,Romania,33,124.67,9.99,0.99,3.78,4.97,Sci-Fi,"STALLION SUNDANCE","2005-08-21 08:38:21",1,17
231,GEORGIA,JACOBS,GEORGIA.JACOBS@sakilacustomer.org,1,Uttarpara-Kotrung,India,26,110.74,9.99,0.99,4.26,5.35,Animation,"MISSION ZOOLANDER","2005-08-22 22:51:13",1,14
232,CONSTANCE,REID,CONSTANCE.REID@sakilacustomer.org,2,Zaria,Nigeria,25,95.75,10.99,0.99,3.83,4.12,Sci-Fi,"THIEF PELICAN","2005-08-23 04:33:39",1,14
233,LILLIE,KIM,LILLIE.KIM@sakilacustomer.org,2,Idfu,Egypt,23,89.77,8.99,0.99,3.90,4.65,Sci-Fi,"CHARIOTS CONSPIRACY","2005-08-23 15:03:58",1,15
234,CLAUDIA,FULLER,CLAUDIA.FULLER@sakilacustomer.org,1,"Jalib al-Shuyukh",Kuwait,26,111.74,7.99,0.99,4.30,5.40,Foreign,"COMMAND DARLING","2006-02-14 15:16:03",1,11
235,JACKIE,LYNCH,JACKIE.LYNCH@sakilacustomer.org,1,Buenaventura,Colombia,25,93.75,6.99,0.99,3.75,4.20,Family,"JADE BUNCH","2005-08-22 09:33:08",1,12
236,MARCIA,DEAN,MARCIA.DEAN@sakilacustomer.org,1,Tanza,Philippines,42,175.58,8.99,0.99,4.18,5.07,Foreign,"UPRISING UPTOWN","2006-02-14 15:16:03",1,25
237,TANYA,GILBERT,TANYA.GILBERT@sakilacustomer.org,1,Naju,"South Korea",33,144.67,11.99,0.99,4.38,5.48,Classics,"MINORITY KISS","2005-08-23 18:28:09",1,17
238,NELLIE,GARRETT,NELLIE.GARRETT@sakilacustomer.org,1,Shimoga,India,21,94.79,8.99,0.99,4.51,4.67,Children,"NIGHTMARE CHILL","2005-08-23 01:05:00",1,8
239,MINNIE,ROMERO,MINNIE.ROMERO@sakilacustomer.org,2,Ciomas,Indonesia,34,142.66,8.99,0.99,4.20,4.35,Animation,"LAWLESS VISION","2005-08-20 22:34:34",1,14
240,MARLENE,WELCH,MARLENE.WELCH@sakilacustomer.org,1,Iwaki,Japan,26,117.74,8.99,0.99,4.53,4.12,New,"NETWORK PEAK","2005-08-23 08:06:49",1,14
241,HEIDI,LARSON,HEIDI.LARSON@sakilacustomer.org,2,Xi´angfan,China,34,122.66,7.99,0.99,3.61,4.82,New,"BRANNIGAN SUNRISE","2005-08-23 13:14:15",0,17
242,GLENDA,FRAZIER,GLENDA.FRAZIER@sakilacustomer.org,1,Qinhuangdao,China,32,140.68,9.99,0.99,4.40,5.47,New,"JEKYLL FROGMEN","2005-08-22 08:06:00",1,14
243,LYDIA,BURKE,LYDIA.BURKE@sakilacustomer.org,1,"San Miguel de Tucumán",Argentina,24,82.76,5.99,0.99,3.45,3.92,Documentary,"ROAD ROXANNE","2005-08-21 21:02:55",1,9
244,VIOLA,HANSON,VIOLA.HANSON@sakilacustomer.org,2,Lapu-Lapu,Philippines,32,129.68,9.99,0.99,4.05,5.65,Comedy,"ALAMO VIDEOTAPE","2006-02-14 15:16:03",1,10
245,COURTNEY,DAY,COURTNEY.DAY@sakilacustomer.org,1,Uijongbu,"South Korea",32,132.68,10.99,0.99,4.15,5.32,Children,"ROXANNE REBEL","2006-02-14 15:16:03",1,15
246,MARIAN,MENDOZA,MARIAN.MENDOZA@sakilacustomer.org,1,Maringá,Brazil,23,107.77,8.99,0.99,4.69,5.09,Sci-Fi,"ROCKETEER MOTHER","2005-08-23 12:26:19",1,10
247,STELLA,MORENO,STELLA.MORENO@sakilacustomer.org,1,"Coacalco de Berriozábal",Mexico,22,104.78,7.99,0.99,4.76,5.27,Sci-Fi,"DEEP CRUSADE","2005-08-23 13:45:44",1,7
248,CAROLINE,BOWMAN,CAROLINE.BOWMAN@sakilacustomer.org,1,Tallahassee,"United States",15,50.85,7.99,0.99,3.39,4.80,Sci-Fi,"FRENCH HOLIDAY","2005-08-22 03:58:29",1,10
249,DORA,MEDINA,DORA.MEDINA@sakilacustomer.org,2,Tianjin,China,23,107.77,9.99,0.99,4.69,5.83,Games,"LOVE SUICIDES","2005-08-22 14:33:50",1,16
250,JO,FOWLER,JO.FOWLER@sakilacustomer.org,2,Oyo,Nigeria,20,73.80,6.99,0.99,3.69,4.25,Travel,"TRUMAN CRAZY","2005-08-22 17:52:05",1,10
251,VICKIE,BREWER,VICKIE.BREWER@sakilacustomer.org,2,Halle/Saale,Germany,31,120.69,8.99,0.99,3.89,4.53,Sci-Fi,"HYDE DOCTOR","2006-02-14 15:16:03",1,18
252,MATTIE,HOFFMAN,MATTIE.HOFFMAN@sakilacustomer.org,2,London,"United Kingdom",22,64.78,5.99,0.99,2.94,3.90,Documentary,"CONQUERER NUTS","2006-02-14 15:16:03",1,14
253,TERRY,CARLSON,TERRY.CARLSON@sakilacustomer.org,1,Miyakonojo,Japan,29,127.71,7.99,0.99,4.40,5.41,Animation,"VIRGIN DAISY","2005-08-22 17:12:29",1,15
254,MAXINE,SILVA,MAXINE.SILVA@sakilacustomer.org,2,"Poços de Caldas",Brazil,32,116.68,7.99,0.99,3.65,4.41,Sci-Fi,"NOVOCAINE FLIGHT","2005-08-23 13:25:08",1,14
255,IRMA,PEARSON,IRMA.PEARSON@sakilacustomer.org,2,Hagonoy,Philippines,18,70.82,8.99,0.99,3.93,5.44,Animation,"DESIRE ALIEN","2005-08-21 17:45:21",1,8
256,MABEL,HOLLAND,MABEL.HOLLAND@sakilacustomer.org,2,Monywa,Myanmar,30,112.70,8.99,0.99,3.76,4.67,Comedy,"TRAMP OTHERS","2005-08-23 16:18:12",1,13
257,MARSHA,DOUGLAS,MARSHA.DOUGLAS@sakilacustomer.org,2,Beira,Mozambique,37,151.63,7.99,0.99,4.10,4.84,Documentary,"BINGO TALENTED","2005-08-23 19:51:29",1,22
258,MYRTLE,FLEMING,MYRTLE.FLEMING@sakilacustomer.org,1,"Santiago de los Caballeros","Dominican Republic",24,110.76,9.99,0.99,4.62,5.08,Drama,"MUSCLE BRIGHT","2005-08-22 04:31:37",1,12
259,LENA,JENSEN,LENA.JENSEN@sakilacustomer.org,2,Halisahar,India,32,168.68,10.99,0.99,5.27,5.94,Sports,"CENTER DINOSAUR","2005-08-23 09:52:55",1,16
260,CHRISTY,VARGAS,CHRISTY.VARGAS@sakilacustomer.org,1,Datong,China,31,122.69,10.99,0.99,3.96,4.87,Music,"EAGLES PANKY","2005-08-21 17:59:09",1,10
261,DEANNA,BYRD,DEANNA.BYRD@sakilacustomer.org,1,Tuguegarao,Philippines,26,107.74,8.99,0.99,4.14,4.88,Travel,"GAMES BOWFINGER","2005-08-22 23:08:46",1,12
262,PATSY,DAVIDSON,PATSY.DAVIDSON@sakilacustomer.org,2,Portoviejo,Ecuador,28,119.72,8.99,0.99,4.28,4.68,Family,"KISSING DOLLS","2005-08-23 17:57:35",1,15
263,HILDA,HOPKINS,HILDA.HOPKINS@sakilacustomer.org,1,Mandaluyong,Philippines,29,122.71,9.99,0.99,4.23,4.68,Sci-Fi,"ENEMY ODDS","2006-02-14 15:16:03",1,13
264,GWENDOLYN,MAY,GWENDOLYN.MAY@sakilacustomer.org,1,Higashiosaka,Japan,25,98.75,8.99,0.99,3.95,5.13,Sci-Fi,"NONE SPIKING","2006-02-14 15:16:03",1,14
265,JENNIE,TERRY,JENNIE.TERRY@sakilacustomer.org,2,Olomouc,"Czech Republic",29,133.71,9.99,0.99,4.61,5.17,Children,"GREEDY ROOTS","2005-08-22 05:59:59",1,16
266,NORA,HERRERA,NORA.HERRERA@sakilacustomer.org,2,Salzburg,Austria,28,118.72,8.99,0.99,4.24,4.96,Drama,"JUMPING WRATH","2005-08-22 21:06:00",1,17
267,MARGIE,WADE,MARGIE.WADE@sakilacustomer.org,1,Lengshuijiang,China,36,159.64,9.99,0.99,4.43,5.21,New,"ANTHEM LUKE","2006-02-14 15:16:03",1,19
268,NINA,SOTO,NINA.SOTO@sakilacustomer.org,1,"Palghat (Palakkad)",India,29,123.71,7.99,0.99,4.27,5.07,Drama,"NASH CHOCOLAT","2005-08-22 15:49:54",1,17
269,CASSANDRA,WALTERS,CASSANDRA.WALTERS@sakilacustomer.org,1,Salinas,"United States",30,129.70,9.99,0.99,4.32,4.79,Documentary,"FROST HEAD","2006-02-14 15:16:03",1,12
270,LEAH,CURTIS,LEAH.CURTIS@sakilacustomer.org,1,Kalisz,Poland,25,104.75,9.99,0.99,4.19,5.40,Children,"SADDLE ANTITRUST","2005-08-23 07:10:22",1,14
271,PENNY,NEAL,PENNY.NEAL@sakilacustomer.org,1,Kumbakonam,India,18,68.82,8.99,0.99,3.82,5.11,Sports,"DIVORCE SHINING","2005-08-22 17:48:42",0,12
272,KAY,CALDWELL,KAY.CALDWELL@sakilacustomer.org,1,Yantai,China,20,98.80,10.99,0.99,4.94,4.85,Drama,"GOLDMINE TYCOON","2005-08-20 16:07:55",1,9
273,PRISCILLA,LOWE,PRISCILLA.LOWE@sakilacustomer.org,2,Salamanca,Mexico,35,157.65,8.99,0.99,4.50,5.20,Sci-Fi,"MOVIE SHAKESPEARE","2005-08-23 12:50:00",1,14
274,NAOMI,JENNINGS,NAOMI.JENNINGS@sakilacustomer.org,1,Karnal,India,35,152.65,9.99,0.99,4.36,5.15,New,"CHARIOTS CONSPIRACY","2006-02-14 15:16:03",1,16
275,CAROLE,BARNETT,CAROLE.BARNETT@sakilacustomer.org,2,Peoria,"United States",30,108.70,9.99,0.99,3.62,4.77,Family,"HALLOWEEN NUTS","2005-08-23 02:30:23",1,17
276,BRANDY,GRAVES,BRANDY.GRAVES@sakilacustomer.org,1,Warren,"United States",28,122.72,10.99,0.99,4.38,4.82,Documentary,"SLEUTH ORIENT","2005-08-23 18:08:19",1,16
277,OLGA,JIMENEZ,OLGA.JIMENEZ@sakilacustomer.org,2,Ogbomosho,Nigeria,32,144.68,10.99,0.99,4.52,4.81,Sports,"ARTIST COLDBLOODED","2005-08-22 21:05:50",1,15
278,BILLIE,HORTON,BILLIE.HORTON@sakilacustomer.org,2,Inegöl,Turkey,26,88.74,8.99,0.99,3.41,3.92,Comedy,"GUNFIGHT MOON","2005-08-23 21:30:45",1,11
279,DIANNE,SHELTON,DIANNE.SHELTON@sakilacustomer.org,2,Tabriz,Iran,31,135.69,9.99,0.99,4.38,5.23,Sci-Fi,"STREAK RIDGEMONT","2006-02-14 15:16:03",1,18
280,TRACEY,BARRETT,TRACEY.BARRETT@sakilacustomer.org,2,Owo,Nigeria,27,118.73,9.99,0.99,4.40,4.44,Foreign,"TRIP NEWTON","2005-08-23 19:09:39",1,14
281,LEONA,OBRIEN,LEONA.OBRIEN@sakilacustomer.org,2,Fuzhou,China,14,50.86,6.99,0.99,3.63,5.50,Animation,"WARDROBE PHANTOM","2005-08-21 03:40:40",1,6
282,JENNY,CASTRO,JENNY.CASTRO@sakilacustomer.org,2,Ponce,"Puerto Rico",27,103.73,9.99,0.99,3.84,5.19,Foreign,"GUN BONNIE","2006-02-14 15:16:03",1,9
283,FELICIA,SUTTON,FELICIA.SUTTON@sakilacustomer.org,1,Korla,China,28,86.72,7.99,0.99,3.10,3.96,Drama,"FROST HEAD","2005-08-23 15:29:41",1,15
284,SONIA,GREGORY,SONIA.GREGORY@sakilacustomer.org,1,"Benin City",Nigeria,28,126.72,8.99,0.99,4.53,5.77,Horror,"GUN BONNIE","2006-02-14 15:16:03",1,18
285,MIRIAM,MCKINNEY,MIRIAM.MCKINNEY@sakilacustomer.org,1,Otsu,Japan,26,135.74,9.99,0.99,5.22,5.31,Sci-Fi,"GOODFELLAS SALUTE","2005-08-23 02:06:41",1,13
286,VELMA,LUCAS,VELMA.LUCAS@sakilacustomer.org,1,Effon-Alaiye,Nigeria,27,117.73,9.99,0.99,4.36,5.70,Drama,"METROPOLIS COMA","2005-08-23 07:28:22",1,14
287,BECKY,MILES,BECKY.MILES@sakilacustomer.org,2,Tambaram,India,29,115.71,9.99,0.99,3.99,5.18,Documentary,"CAMPUS REMEMBER","2006-02-14 15:16:03",1,16
288,BOBBIE,CRAIG,BOBBIE.CRAIG@sakilacustomer.org,1,"Valle de Santiago",Mexico,24,80.76,9.99,0.99,3.37,4.29,Sports,"VOYAGE LEGALLY","2005-08-22 12:41:33",1,11
289,VIOLET,RODRIQUEZ,VIOLET.RODRIQUEZ@sakilacustomer.org,1,"Kowloon and New Kowloon","Hong Kong",30,142.70,10.99,0.99,4.76,5.43,Sports,"DRAGONFLY STRANGERS","2005-08-22 05:03:59",1,14
290,KRISTINA,CHAMBERS,KRISTINA.CHAMBERS@sakilacustomer.org,1,"Valle de la Pascua",Venezuela,28,109.72,8.99,0.99,3.92,5.25,Horror,"HEAVEN FREEDOM","2005-08-20 08:57:51",1,11
291,TONI,HOLT,TONI.HOLT@sakilacustomer.org,1,Roanoke,"United States",23,95.77,7.99,0.99,4.16,5.65,Classics,"MUSKETEERS WAIT","2005-08-23 08:54:26",1,12
292,MISTY,LAMBERT,MISTY.LAMBERT@sakilacustomer.org,2,Sharja,"United Arab Emirates",27,118.73,10.99,0.99,4.40,5.52,Drama,"ROCKETEER MOTHER","2005-08-22 12:38:20",1,15
293,MAE,FLETCHER,MAE.FLETCHER@sakilacustomer.org,2,"Donostia-San Sebastián",Spain,31,158.69,9.99,0.99,5.12,5.55,Sports,"REIGN GENTLEMEN","2005-08-23 09:18:52",1,13
294,SHELLY,WATTS,SHELLY.WATTS@sakilacustomer.org,2,Dayton,"United States",26,113.74,7.99,0.99,4.37,5.31,Action,"CELEBRITY HORN","2005-08-23 15:34:46",1,13
295,DAISY,BATES,DAISY.BATES@sakilacustomer.org,1,Kolpino,"Russian Federation",38,162.62,9.99,0.99,4.28,6.03,Family,"EFFECT GLADIATOR","2006-02-14 15:16:03",1,16
296,RAMONA,HALE,RAMONA.HALE@sakilacustomer.org,2,Patiala,India,30,129.70,7.99,0.99,4.32,4.62,Sports,"STAGECOACH ARMAGEDDON","2006-02-14 15:16:03",1,13
297,SHERRI,RHODES,SHERRI.RHODES@sakilacustomer.org,1,Ahmadnagar,India,33,128.67,10.99,0.99,3.90,4.97,Sci-Fi,"CRAFT OUTFIELD","2005-08-23 10:43:00",1,13
298,ERIKA,PENA,ERIKA.PENA@sakilacustomer.org,1,Oulu,Finland,26,101.74,8.99,0.99,3.91,4.65,Action,"AMERICAN CIRCUS","2005-08-23 08:13:26",1,15
299,JAMES,GANNON,JAMES.GANNON@sakilacustomer.org,2,Hiroshima,Japan,30,131.70,9.99,0.99,4.39,4.97,Drama,"FREDDY STORM","2005-08-22 04:26:34",1,19
300,JOHN,FARNSWORTH,JOHN.FARNSWORTH@sakilacustomer.org,1,Parbhani,India,31,137.69,10.99,0.99,4.44,5.13,Music,"LEGEND JEDI","2006-02-14 15:16:03",1,16
301,ROBERT,BAUGHMAN,ROBERT.BAUGHMAN@sakilacustomer.org,2,Kaliningrad,"Russian Federation",21,92.79,10.99,0.99,4.42,4.14,Sci-Fi,"EASY GLADIATOR","2005-08-22 18:39:11",1,13
302,MICHAEL,SILVERMAN,MICHAEL.SILVERMAN@sakilacustomer.org,1,Tiefa,China,29,127.71,8.99,0.99,4.40,5.21,Animation,"MEMENTO ZOOLANDER","2005-08-23 20:22:17",1,14
303,WILLIAM,SATTERFIELD,WILLIAM.SATTERFIELD@sakilacustomer.org,2,Sanaa,Yemen,26,100.74,8.99,0.99,3.87,4.81,Action,"JUNGLE CLOSER","2005-08-23 02:55:42",1,8
304,DAVID,ROYAL,DAVID.ROYAL@sakilacustomer.org,2,Callao,Peru,26,115.74,10.99,0.99,4.45,5.69,Sci-Fi,"AMERICAN CIRCUS","2005-08-22 06:05:38",1,11
305,RICHARD,MCCRARY,RICHARD.MCCRARY@sakilacustomer.org,1,Arlington,"United States",25,109.75,11.99,0.99,4.39,4.88,Foreign,"MOON BUNCH","2005-08-23 06:59:07",1,11
306,CHARLES,KOWALSKI,CHARLES.KOWALSKI@sakilacustomer.org,1,"Sungai Petani",Malaysia,32,138.68,7.99,0.99,4.33,5.13,Sci-Fi,"HAMLET WISDOM","2005-08-23 16:19:14",1,16
307,JOSEPH,JOY,JOSEPH.JOY@sakilacustomer.org,2,"Angra dos Reis",Brazil,30,134.70,10.99,0.99,4.49,5.37,Action,"SCISSORHANDS SLUMS","2005-08-23 03:03:53",1,17
308,THOMAS,GRIGSBY,THOMAS.GRIGSBY@sakilacustomer.org,1,"Kansas City","United States",25,105.75,8.99,0.99,4.23,4.76,New,"UNBREAKABLE KARATE","2005-08-23 15:03:13",1,10
309,CHRISTOPHER,GRECO,CHRISTOPHER.GRECO@sakilacustomer.org,1,Brescia,Italy,31,147.69,9.99,0.99,4.76,5.06,Travel,"KICK SAVANNAH","2005-08-22 23:58:09",1,12
310,DANIEL,CABRAL,DANIEL.CABRAL@sakilacustomer.org,2,Ibirité,Brazil,20,97.80,10.99,0.99,4.89,5.00,Comedy,"CARIBBEAN LIBERTY","2005-08-22 06:53:21",1,8
311,PAUL,TROUT,PAUL.TROUT@sakilacustomer.org,2,Kursk,"Russian Federation",23,120.77,9.99,0.99,5.25,5.74,Documentary,"CHICKEN HELLFIGHTERS","2005-08-23 21:34:33",1,12
312,MARK,RINEHART,MARK.RINEHART@sakilacustomer.org,2,Tabuk,"Saudi Arabia",26,104.74,6.99,0.99,4.03,4.96,Action,"DRAGONFLY STRANGERS","2005-08-23 16:44:31",1,15
313,DONALD,MAHON,DONALD.MAHON@sakilacustomer.org,2,Ezhou,China,23,89.77,7.99,0.99,3.90,5.17,Animation,"BUTTERFLY CHOCOLAT","2005-08-23 05:24:29",1,11
314,GEORGE,LINTON,GEORGE.LINTON@sakilacustomer.org,1,Sorocaba,Brazil,33,131.67,6.99,0.99,3.99,4.70,Sports,"CADDYSHACK JEDI","2005-08-23 21:37:59",1,15
315,KENNETH,GOODEN,KENNETH.GOODEN@sakilacustomer.org,2,"Bat Yam",Israel,17,84.83,9.99,0.99,4.99,6.44,Comedy,"PINOCCHIO SIMON","2006-02-14 15:16:03",0,7
316,STEVEN,CURLEY,STEVEN.CURLEY@sakilacustomer.org,1,Miraj,India,29,132.71,8.99,0.99,4.58,5.28,Sports,"COLDBLOODED DARLING","2005-08-23 15:34:49",1,19
317,EDWARD,BAUGH,EDWARD.BAUGH@sakilacustomer.org,2,Tórshavn,"Faroe Islands",28,114.72,8.99,0.99,4.10,5.37,Family,"FLATLINERS KILLER","2006-02-14 15:16:03",1,13
318,BRIAN,WYMAN,BRIAN.WYMAN@sakilacustomer.org,1,Bydgoszcz,Poland,12,52.88,9.99,0.99,4.41,4.83,Documentary,"VAMPIRE WHALE","2005-08-21 06:34:05",1,7
319,RONALD,WEINER,RONALD.WEINER@sakilacustomer.org,2,"San Felipe del Progreso",Mexico,30,132.70,9.99,0.99,4.42,5.43,Games,"EASY GLADIATOR","2005-08-22 23:07:57",1,18
320,ANTHONY,SCHWAB,ANTHONY.SCHWAB@sakilacustomer.org,2,Tafuna,"American Samoa",20,71.80,7.99,0.99,3.59,3.85,Sports,"WORKING MICROCOSMOS","2005-08-22 19:44:53",1,7
321,KEVIN,SCHULER,KEVIN.SCHULER@sakilacustomer.org,1,Birgunj,Nepal,22,116.78,8.99,0.99,5.31,6.36,Foreign,"TITANS JERK","2005-08-23 16:56:14",1,11
322,JASON,MORRISSEY,JASON.MORRISSEY@sakilacustomer.org,1,"Bahía Blanca",Argentina,28,128.72,9.99,0.99,4.60,5.04,Action,"EYES DRIVING","2005-08-23 10:23:48",1,12
323,MATTHEW,MAHAN,MATTHEW.MAHAN@sakilacustomer.org,2,Cuautla,Mexico,31,114.69,7.99,0.99,3.70,4.97,Action,"FANTASY TROOPERS","2005-08-23 11:30:32",1,15
324,GARY,COY,GARY.COY@sakilacustomer.org,2,Yuzhou,China,25,103.75,8.99,0.99,4.15,4.63,Music,"ALAMO VIDEOTAPE","2006-02-14 15:16:03",1,11
325,TIMOTHY,BUNN,TIMOTHY.BUNN@sakilacustomer.org,1,Brasília,Brazil,22,91.78,9.99,0.99,4.17,4.41,New,"MIDSUMMER GROUNDHOG","2005-08-22 08:27:27",1,12
326,JOSE,ANDREW,JOSE.ANDREW@sakilacustomer.org,1,Kingstown,"Saint Vincent and the Grenadines",25,96.75,7.99,0.99,3.87,4.64,Horror,"FIDELITY DEVIL","2005-08-19 01:38:18",1,12
327,LARRY,THRASHER,LARRY.THRASHER@sakilacustomer.org,2,Adana,Turkey,26,112.74,9.99,0.99,4.34,5.76,Documentary,"ANGELS LIFE","2006-02-14 15:16:03",1,8
328,JEFFREY,SPEAR,JEFFREY.SPEAR@sakilacustomer.org,2,Ciparay,Indonesia,23,90.77,7.99,0.99,3.95,4.91,Games,"DWARFS ALTER","2005-08-23 16:17:09",1,13
329,FRANK,WAGGONER,FRANK.WAGGONER@sakilacustomer.org,2,Jamalpur,Bangladesh,32,127.68,8.99,0.99,3.99,5.09,Music,"CLASH FREDDY","2005-08-22 19:54:31",1,14
330,SCOTT,SHELLEY,SCOTT.SHELLEY@sakilacustomer.org,1,Aurora,"United States",25,94.75,7.99,0.99,3.79,4.58,Documentary,"MIGHTY LUCK","2006-02-14 15:16:03",1,12
331,ERIC,ROBERT,ERIC.ROBERT@sakilacustomer.org,1,"Santa Fé",Argentina,27,122.73,10.99,0.99,4.55,5.00,Drama,"GANDHI KWAI","2005-08-23 03:30:51",1,15
332,STEPHEN,QUALLS,STEPHEN.QUALLS@sakilacustomer.org,1,Dhaka,Bangladesh,28,118.72,8.99,0.99,4.24,5.86,Drama,"PATTON INTERVIEW","2005-08-22 16:37:36",1,16
333,ANDREW,PURDY,ANDREW.PURDY@sakilacustomer.org,2,Baku,Azerbaijan,27,109.73,10.99,0.99,4.06,4.89,Games,"LOVE SUICIDES","2005-08-22 19:59:42",1,17
334,RAYMOND,MCWHORTER,RAYMOND.MCWHORTER@sakilacustomer.org,2,Sumqayit,Azerbaijan,30,135.70,8.99,0.99,4.52,4.93,Foreign,"TITANIC BOONDOCK","2006-02-14 15:16:03",1,12
335,GREGORY,MAULDIN,GREGORY.MAULDIN@sakilacustomer.org,1,Sousse,Tunisia,23,78.77,8.99,0.99,3.42,4.59,Sci-Fi,"HUNGER ROOF","2006-02-14 15:16:03",1,13
336,JOSHUA,MARK,JOSHUA.MARK@sakilacustomer.org,1,Rampur,India,30,119.70,10.99,0.99,3.99,4.10,Animation,"BREAKING HOME","2006-02-14 15:16:03",1,16
337,JERRY,JORDON,JERRY.JORDON@sakilacustomer.org,1,Onomichi,Japan,29,143.71,8.99,0.99,4.96,5.93,Sci-Fi,"WEDDING APOLLO","2006-02-14 15:16:03",1,14
338,DENNIS,GILMAN,DENNIS.GILMAN@sakilacustomer.org,1,Paarl,"South Africa",28,114.72,7.99,0.99,4.10,4.89,Sports,"ENCOUNTERS CURTAIN","2005-08-22 15:26:29",1,17
339,WALTER,PERRYMAN,WALTER.PERRYMAN@sakilacustomer.org,2,Xinxiang,China,30,127.70,7.99,0.99,4.26,5.27,Sports,"FLATLINERS KILLER","2005-08-21 23:24:52",1,14
340,PATRICK,NEWSOM,PATRICK.NEWSOM@sakilacustomer.org,1,Hanoi,Vietnam,31,119.69,9.99,0.99,3.86,4.61,New,"BUCKET BROTHERHOOD","2005-08-22 22:25:17",1,17
341,PETER,MENARD,PETER.MENARD@sakilacustomer.org,1,Ede,Netherlands,23,106.77,9.99,0.99,4.64,5.78,New,"MUMMY CREATURES","2005-08-23 18:43:31",1,15
342,HAROLD,MARTINO,HAROLD.MARTINO@sakilacustomer.org,1,"Boa Vista",Brazil,32,130.68,8.99,0.99,4.08,4.41,Classics,"WESTWARD SEABISCUIT","2005-08-23 17:09:31",1,14
343,DOUGLAS,GRAF,DOUGLAS.GRAF@sakilacustomer.org,1,Mexicali,Mexico,25,114.75,9.99,0.99,4.59,5.64,Family,"BLOOD ARGONAUTS","2005-08-23 20:04:41",1,14
344,HENRY,BILLINGSLEY,HENRY.BILLINGSLEY@sakilacustomer.org,1,Nuku´alofa,Tonga,18,73.82,5.99,0.99,4.10,5.33,Sports,"CRUSADE HONEY","2005-08-22 16:55:26",1,11
345,CARL,ARTIS,CARL.ARTIS@sakilacustomer.org,1,"San Lorenzo",Paraguay,23,106.77,10.99,0.99,4.64,4.09,Horror,"GRAFFITI LOVE","2005-08-23 04:28:25",1,8
346,ARTHUR,SIMPKINS,ARTHUR.SIMPKINS@sakilacustomer.org,1,Maikop,"Russian Federation",32,155.68,8.99,0.99,4.87,5.06,Family,"SECRET GROUNDHOG","2005-08-23 15:15:19",1,12
347,RYAN,SALISBURY,RYAN.SALISBURY@sakilacustomer.org,2,Daugavpils,Latvia,30,142.70,10.99,0.99,4.76,5.07,Sports,"BEAUTY GREASE","2005-08-23 04:51:52",1,19
348,ROGER,QUINTANILLA,ROGER.QUINTANILLA@sakilacustomer.org,2,Hsichuh,Taiwan,36,146.64,9.99,0.99,4.07,5.22,Animation,"PRIMARY GLASS","2005-08-23 18:50:54",1,17
349,JOE,GILLILAND,JOE.GILLILAND@sakilacustomer.org,2,Imus,Philippines,29,138.71,8.99,0.99,4.78,5.21,Games,"JET NEIGHBORS","2006-02-14 15:16:03",1,15
350,JUAN,FRALEY,JUAN.FRALEY@sakilacustomer.org,1,Tšeboksary,"Russian Federation",23,73.77,6.99,0.99,3.21,4.22,Music,"REDS POCUS","2005-08-23 14:35:10",1,14
351,JACK,FOUST,JACK.FOUST@sakilacustomer.org,1,Zeleznogorsk,"Russian Federation",24,89.76,7.99,0.99,3.74,5.00,Sports,"REAR TRADING","2005-08-23 13:01:43",1,12
352,ALBERT,CROUSE,ALBERT.CROUSE@sakilacustomer.org,1,Bamenda,Cameroon,23,99.77,7.99,0.99,4.34,4.68,Music,"OTHERS SOUP","2006-02-14 15:16:03",1,9
353,JONATHAN,SCARBOROUGH,JONATHAN.SCARBOROUGH@sakilacustomer.org,1,"Pachuca de Soto",Mexico,18,72.82,7.99,0.99,4.05,4.72,Animation,"POTTER CONNECTICUT","2005-08-23 09:23:08",1,9
354,JUSTIN,NGO,JUSTIN.NGO@sakilacustomer.org,2,"Santo André",Brazil,36,129.64,8.99,0.99,3.60,5.00,Documentary,"CHICKEN HELLFIGHTERS","2006-02-14 15:16:03",1,21
355,TERRY,GRISSOM,TERRY.GRISSOM@sakilacustomer.org,2,Matsue,Japan,20,72.80,6.99,0.99,3.64,4.53,Foreign,"ILLUSION AMELIE","2006-02-14 15:16:03",1,11
356,GERALD,FULTZ,GERALD.FULTZ@sakilacustomer.org,2,Satna,India,30,121.70,6.99,0.99,4.06,4.93,Foreign,"DANGEROUS UPTOWN","2005-08-23 12:47:16",1,8
357,KEITH,RICO,KEITH.RICO@sakilacustomer.org,1,Bratislava,Slovakia,26,89.74,8.99,0.99,3.45,4.81,Drama,"GONE TROUBLE","2005-08-23 16:22:20",1,10
358,SAMUEL,MARLOW,SAMUEL.MARLOW@sakilacustomer.org,2,Ranchi,India,21,80.79,7.99,0.99,3.85,4.10,Comedy,"UNTOUCHABLES SUNRISE","2005-08-20 20:16:35",1,9
359,WILLIE,MARKHAM,WILLIE.MARKHAM@sakilacustomer.org,2,"Almirante Brown",Argentina,25,101.75,9.99,0.99,4.07,5.29,Documentary,"BIRDS PERDITION","2006-02-14 15:16:03",1,12
360,RALPH,MADRIGAL,RALPH.MADRIGAL@sakilacustomer.org,2,Arecibo,"Puerto Rico",34,150.66,9.99,0.99,4.43,5.18,New,"ALAMO VIDEOTAPE","2005-08-22 19:56:41",1,23
361,LAWRENCE,LAWTON,LAWRENCE.LAWTON@sakilacustomer.org,2,Yaoundé,Cameroon,31,100.69,6.99,0.99,3.25,4.79,Foreign,"EGYPT TENENBAUMS","2006-02-14 15:16:03",1,14
362,NICHOLAS,BARFIELD,NICHOLAS.BARFIELD@sakilacustomer.org,1,Belém,Brazil,32,145.68,11.99,0.99,4.55,5.16,Sports,"DARLING BREAKING","2005-08-22 06:17:12",1,16
363,ROY,WHITING,ROY.WHITING@sakilacustomer.org,2,Nyeri,Kenya,29,143.71,9.99,2.99,4.96,5.14,Action,"OUTFIELD MASSACRE","2005-08-22 20:44:55",1,19
364,BENJAMIN,VARNEY,BENJAMIN.VARNEY@sakilacustomer.org,1,Guadalajara,Mexico,23,95.77,10.99,0.99,4.16,3.91,Classics,"KNOCK WARLOCK","2005-08-22 17:48:10",1,13
365,BRUCE,SCHWARZ,BRUCE.SCHWARZ@sakilacustomer.org,2,Okinawa,Japan,23,103.77,8.99,0.99,4.51,4.83,Travel,"AIRPORT POLLOCK","2005-08-21 12:51:49",1,11
366,BRANDON,HUEY,BRANDON.HUEY@sakilacustomer.org,1,Balikesir,Turkey,37,152.63,6.99,0.99,4.13,5.58,Sports,"FELLOWSHIP AUTUMN","2006-02-14 15:16:03",1,16
367,ADAM,GOOCH,ADAM.GOOCH@sakilacustomer.org,1,Adoni,India,22,101.78,10.99,0.99,4.63,5.27,Foreign,"EVERYONE CRAFT","2005-08-21 13:41:14",1,11
368,HARRY,ARCE,HARRY.ARCE@sakilacustomer.org,1,Najafabad,Iran,35,157.65,9.99,0.99,4.50,4.86,Animation,"KWAI HOMEWARD","2005-08-23 00:31:09",0,17
369,FRED,WHEAT,FRED.WHEAT@sakilacustomer.org,2,Juárez,Mexico,25,88.75,7.99,0.99,3.55,3.92,Family,"WITCHES PANIC","2006-02-14 15:16:03",1,11
370,WAYNE,TRUONG,WAYNE.TRUONG@sakilacustomer.org,2,Gulbarga,India,19,70.81,7.99,0.99,3.73,5.16,Action,"MASSACRE USUAL","2005-08-23 20:13:31",1,9
371,BILLY,POULIN,BILLY.POULIN@sakilacustomer.org,1,Cabuyao,Philippines,35,149.65,10.99,0.99,4.28,5.03,Sports,"MOVIE SHAKESPEARE","2005-08-23 15:09:17",1,19
372,STEVE,MACKENZIE,STEVE.MACKENZIE@sakilacustomer.org,2,Probolinggo,Indonesia,34,158.66,10.99,0.99,4.67,4.94,Action,"MINDS TRUMAN","2005-08-23 05:08:58",1,17
373,LOUIS,LEONE,LOUIS.LEONE@sakilacustomer.org,1,Tanauan,Philippines,35,161.65,8.99,0.99,4.62,5.82,Animation,"SONS INTERVIEW","2006-02-14 15:16:03",1,21
374,JEREMY,HURTADO,JEREMY.HURTADO@sakilacustomer.org,2,"Vitória de Santo Antão",Brazil,28,103.72,8.99,0.99,3.70,4.00,Music,"LION UNCUT","2006-02-14 15:16:03",1,14
375,AARON,SELBY,AARON.SELBY@sakilacustomer.org,2,Mwene-Ditu,"Congo, The Democratic Republic of the",24,110.76,9.99,0.99,4.62,5.04,Travel,"DRIFTER COMMANDMENTS","2005-08-23 02:46:13",1,13
376,RANDY,GAITHER,RANDY.GAITHER@sakilacustomer.org,1,Kurgan,"Russian Federation",28,110.72,8.99,0.99,3.95,4.68,Classics,"DETECTIVE VISION","2005-08-22 22:30:50",1,12
377,HOWARD,FORTNER,HOWARD.FORTNER@sakilacustomer.org,1,Kermanshah,Iran,26,93.74,10.99,0.99,3.61,5.00,New,"ANGELS LIFE","2005-08-23 20:44:10",1,12
378,EUGENE,CULPEPPER,EUGENE.CULPEPPER@sakilacustomer.org,1,Shenzhen,China,19,71.81,7.99,0.99,3.78,3.89,Comedy,"GHOSTBUSTERS ELF","2005-08-22 06:52:49",1,14
379,CARLOS,COUGHLIN,CARLOS.COUGHLIN@sakilacustomer.org,1,Bhavnagar,India,23,106.77,8.99,0.99,4.64,4.83,Comedy,"MASK PEACH","2005-08-23 18:26:51",1,11
380,RUSSELL,BRINSON,RUSSELL.BRINSON@sakilacustomer.org,1,Tychy,Poland,36,136.64,10.99,0.99,3.80,5.25,Foreign,"DOUBLE WRATH","2005-08-23 12:33:00",1,16
381,BOBBY,BOUDREAU,BOBBY.BOUDREAU@sakilacustomer.org,2,"South Hill",Anguilla,35,106.65,8.99,0.99,3.05,4.40,Travel,"CONTACT ANONYMOUS","2005-08-23 12:29:24",1,16
382,VICTOR,BARKLEY,VICTOR.BARKLEY@sakilacustomer.org,2,Manchester,"United States",24,91.76,9.99,0.99,3.82,4.17,Documentary,"NORTHWEST POLISH","2005-08-23 18:44:21",1,14
383,MARTIN,BALES,MARTIN.BALES@sakilacustomer.org,1,Namibe,Angola,27,103.73,8.99,0.99,3.84,4.93,Animation,"SWEETHEARTS SUSPECTS","2005-08-23 16:44:25",1,11
384,ERNEST,STEPP,ERNEST.STEPP@sakilacustomer.org,2,Huai´an,China,25,89.75,9.99,0.99,3.59,4.88,Foreign,"CHILL LUCK","2005-08-22 20:20:04",1,11
385,PHILLIP,HOLM,PHILLIP.HOLM@sakilacustomer.org,1,Tama,Japan,26,101.74,8.99,0.99,3.91,4.65,Sci-Fi,"SHREK LICENSE","2005-08-23 02:06:01",1,18
386,TODD,TAN,TODD.TAN@sakilacustomer.org,1,Kamjanets-Podilskyi,Ukraine,29,117.71,8.99,0.99,4.06,5.28,Children,"DEER VIRGINIAN","2005-08-23 19:06:04",1,17
387,JESSE,SCHILLING,JESSE.SCHILLING@sakilacustomer.org,2,Lubumbashi,"Congo, The Democratic Republic of the",26,101.74,7.99,0.99,3.91,4.92,Games,"ORANGE GRAPES","2005-08-22 07:16:36",1,20
388,CRAIG,MORRELL,CRAIG.MORRELL@sakilacustomer.org,2,Cavite,Philippines,30,124.70,10.99,0.99,4.16,5.41,Family,"APACHE DIVINE","2006-02-14 15:16:03",1,14
389,ALAN,KAHN,ALAN.KAHN@sakilacustomer.org,1,Emeishan,China,26,124.74,9.99,0.99,4.80,5.50,Sports,"ROSES TREASURE","2005-08-23 21:11:33",1,15
390,SHAWN,HEATON,SHAWN.HEATON@sakilacustomer.org,1,"Nakhon Sawan",Thailand,33,152.67,8.99,0.99,4.63,4.94,Music,"HANOVER GALAXY","2005-08-22 22:21:35",1,10
391,CLARENCE,GAMEZ,CLARENCE.GAMEZ@sakilacustomer.org,1,Izumisano,Japan,30,104.70,7.99,0.99,3.49,4.60,Sci-Fi,"CAMELOT VACATION","2005-08-21 09:55:47",1,18
392,SEAN,DOUGLASS,SEAN.DOUGLASS@sakilacustomer.org,2,"Addis Abeba",Ethiopia,23,91.77,9.99,0.99,3.99,5.52,Family,"LOLITA WORLD","2005-08-21 11:51:10",1,11
393,PHILIP,CAUSEY,PHILIP.CAUSEY@sakilacustomer.org,1,Korolev,"Russian Federation",31,121.69,8.99,0.99,3.93,5.71,Action,"TOURIST PELICAN","2005-08-23 22:50:12",1,13
394,CHRIS,BROTHERS,CHRIS.BROTHERS@sakilacustomer.org,2,Gijón,Spain,22,84.78,9.99,0.99,3.85,4.43,Action,"FORREST SONS","2006-02-14 15:16:03",1,8
395,JOHNNY,TURPIN,JOHNNY.TURPIN@sakilacustomer.org,2,al-Qadarif,Sudan,19,57.81,7.99,0.99,3.04,3.68,Music,"ALASKA PHANTOM","2005-08-23 19:54:24",1,6
396,EARL,SHANKS,EARL.SHANKS@sakilacustomer.org,1,Iwatsuki,Japan,27,111.73,7.99,0.99,4.14,5.78,Documentary,"SECRET GROUNDHOG","2005-08-22 16:15:33",1,19
397,JIMMY,SCHRADER,JIMMY.SCHRADER@sakilacustomer.org,1,Atšinsk,"Russian Federation",29,105.71,6.99,0.99,3.65,4.45,Drama,"CLEOPATRA DEVIL","2005-08-22 11:17:37",1,16
398,ANTONIO,MEEK,ANTONIO.MEEK@sakilacustomer.org,1,Bagé,Brazil,16,78.84,9.99,1.99,4.93,6.06,Children,"HANGING DEEP","2005-08-22 15:56:42",1,7
399,DANNY,ISOM,DANNY.ISOM@sakilacustomer.org,1,Okara,Pakistan,21,91.79,6.99,0.99,4.37,5.33,Travel,"HANGING DEEP","2005-08-23 01:25:30",1,10
400,BRYAN,HARDISON,BRYAN.HARDISON@sakilacustomer.org,2,Dallas,"United States",28,124.72,6.99,0.99,4.45,5.25,Sci-Fi,"ARMAGEDDON LOST","2005-08-23 20:23:08",1,18
401,TONY,CARRANZA,TONY.CARRANZA@sakilacustomer.org,2,Koriyama,Japan,21,73.79,8.99,0.99,3.51,3.76,Documentary,"CREEPERS KANE","2005-08-23 18:23:11",1,10
402,LUIS,YANEZ,LUIS.YANEZ@sakilacustomer.org,1,Brest,France,20,79.80,7.99,0.99,3.99,5.05,Drama,"GILMORE BOILED","2005-08-23 00:11:52",1,12
403,MIKE,WAY,MIKE.WAY@sakilacustomer.org,1,Valparai,India,35,166.65,9.99,0.99,4.76,4.66,Sci-Fi,"INNOCENT USUAL","2005-08-22 23:27:43",1,19
404,STANLEY,SCROGGINS,STANLEY.SCROGGINS@sakilacustomer.org,2,Omiya,Japan,30,139.70,10.99,0.99,4.66,5.57,Foreign,"WORDS HUNTER","2005-08-22 19:28:02",1,19
405,LEONARD,SCHOFIELD,LEONARD.SCHOFIELD@sakilacustomer.org,1,Tandil,Argentina,32,109.68,7.99,0.99,3.43,5.45,Documentary,"NOTORIOUS REUNION","2006-02-14 15:16:03",1,15
406,NATHAN,RUNYON,NATHAN.RUNYON@sakilacustomer.org,1,"Charlotte Amalie","Virgin Islands, U.S.",32,122.68,8.99,0.99,3.83,4.47,Animation,"MALLRATS UNITED","2005-08-21 17:45:52",0,17
407,DALE,RATCLIFF,DALE.RATCLIFF@sakilacustomer.org,1,Rustenburg,"South Africa",27,112.73,9.99,0.99,4.18,4.96,Games,"GUN BONNIE","2005-08-22 20:44:35",1,16
408,MANUEL,MURRELL,MANUEL.MURRELL@sakilacustomer.org,1,Jaffna,"Sri Lanka",30,116.70,7.99,0.99,3.89,4.67,Children,"GRADUATE LORD","2005-08-23 13:06:19",1,16
409,RODNEY,MOELLER,RODNEY.MOELLER@sakilacustomer.org,2,"Deba Habe",Nigeria,23,104.77,8.99,0.99,4.56,5.74,Documentary,"CURTAIN VIDEOTAPE","2005-08-21 20:49:21",1,13
410,CURTIS,IRBY,CURTIS.IRBY@sakilacustomer.org,2,"Richmond Hill",Canada,38,167.62,10.99,0.99,4.41,5.32,Family,"VIDEOTAPE ARSENIC","2006-02-14 15:16:03",1,18
411,NORMAN,CURRIER,NORMAN.CURRIER@sakilacustomer.org,1,Cianjur,Indonesia,26,80.74,7.99,0.99,3.11,4.36,Animation,"LOSER HUSTLER","2006-02-14 15:16:03",1,12
412,ALLEN,BUTTERFIELD,ALLEN.BUTTERFIELD@sakilacustomer.org,2,Hoshiarpur,India,21,85.79,8.99,0.99,4.09,5.25,Action,"TRUMAN CRAZY","2006-02-14 15:16:03",1,14
413,MARVIN,YEE,MARVIN.YEE@sakilacustomer.org,2,"Berhampore (Baharampur)",India,21,75.79,7.99,0.99,3.61,3.76,Children,"MINDS TRUMAN","2005-08-23 09:23:45",1,10
414,VINCENT,RALSTON,VINCENT.RALSTON@sakilacustomer.org,1,Allende,Mexico,25,105.75,10.99,0.99,4.23,4.72,Travel,"SINNERS ATLANTIS","2005-08-23 01:59:14",1,11
415,GLENN,PULLEN,GLENN.PULLEN@sakilacustomer.org,1,Amersfoort,Netherlands,23,93.77,8.99,0.99,4.08,4.48,Sports,"SUSPECTS QUILLS","2005-08-23 19:27:04",1,11
416,JEFFERY,PINSON,JEFFERY.PINSON@sakilacustomer.org,2,Dadu,Pakistan,31,121.69,8.99,0.99,3.93,4.84,Documentary,"PACIFIC AMISTAD","2005-08-23 12:55:51",1,17
417,TRAVIS,ESTEP,TRAVIS.ESTEP@sakilacustomer.org,1,al-Qatif,"Saudi Arabia",25,110.75,9.99,0.99,4.43,5.04,Animation,"WAIT CIDER","2006-02-14 15:16:03",1,11
418,JEFF,EAST,JEFF.EAST@sakilacustomer.org,2,"San Felipe de Puerto Plata","Dominican Republic",30,107.70,10.99,0.99,3.59,4.57,Foreign,"METAL ARMAGEDDON","2005-08-23 19:21:22",1,13
419,CHAD,CARBONE,CHAD.CARBONE@sakilacustomer.org,1,Katihar,India,25,89.75,7.99,0.99,3.59,4.72,Documentary,"BEACH HEARTBREAKERS","2005-08-23 13:33:46",1,9
420,JACOB,LANCE,JACOB.LANCE@sakilacustomer.org,1,"El Monte","United States",21,79.79,10.99,0.99,3.80,4.14,Action,"SNATCH SLIPPER","2005-08-23 06:21:20",1,10
421,LEE,HAWKS,LEE.HAWKS@sakilacustomer.org,1,Pudukkottai,India,27,119.73,9.99,0.99,4.43,5.42,Sci-Fi,"LIES TREATMENT","2006-02-14 15:16:03",1,14
422,MELVIN,ELLINGTON,MELVIN.ELLINGTON@sakilacustomer.org,1,Laohekou,China,26,97.74,9.99,0.99,3.76,5.68,Sci-Fi,"WONDERLAND CHRISTMAS","2006-02-14 15:16:03",1,14
423,ALFRED,CASILLAS,ALFRED.CASILLAS@sakilacustomer.org,2,Sawhaj,Egypt,26,120.74,9.99,0.99,4.64,5.62,Drama,"SHOOTIST SUPERFLY","2005-08-23 12:46:38",1,16
424,KYLE,SPURLOCK,KYLE.SPURLOCK@sakilacustomer.org,2,Shanwei,China,30,110.70,9.99,0.99,3.69,4.41,Drama,"SUPERFLY TRIP","2006-02-14 15:16:03",1,14
425,FRANCIS,SIKES,FRANCIS.SIKES@sakilacustomer.org,2,"San Juan Bautista Tuxtepec",Mexico,26,104.74,8.99,0.99,4.03,5.08,Travel,"DISTURBING SCARFACE","2005-08-23 22:12:44",1,9
426,BRADLEY,MOTLEY,BRADLEY.MOTLEY@sakilacustomer.org,1,"Purnea (Purnia)",India,27,126.73,10.99,0.99,4.69,5.30,Documentary,"GANDHI KWAI","2005-08-22 01:32:14",1,18
427,JESUS,MCCARTNEY,JESUS.MCCARTNEY@sakilacustomer.org,2,Guarujá,Brazil,24,114.76,7.99,0.99,4.78,6.29,Documentary,"FARGO GANDHI","2005-08-22 20:35:30",1,10
428,HERBERT,KRUGER,HERBERT.KRUGER@sakilacustomer.org,2,Syktyvkar,"Russian Federation",20,78.80,6.99,0.99,3.94,5.00,Documentary,"MILE MULAN","2005-08-17 00:40:03",1,8
429,FREDERICK,ISBELL,FREDERICK.ISBELL@sakilacustomer.org,2,Tsuyama,Japan,21,105.79,7.99,0.99,5.04,4.95,Comedy,"DADDY PITTSBURGH","2005-08-21 14:04:39",1,10
430,RAY,HOULE,RAY.HOULE@sakilacustomer.org,1,Dzerzinsk,"Russian Federation",22,79.78,6.99,0.99,3.63,5.09,Comedy,"SONG HEDWIG","2005-08-22 09:11:48",1,11
431,JOEL,FRANCISCO,JOEL.FRANCISCO@sakilacustomer.org,2,Sucre,Bolivia,23,95.77,8.99,0.99,4.16,4.91,Children,"MURDER ANTITRUST","2006-02-14 15:16:03",1,8
432,EDWIN,BURK,EDWIN.BURK@sakilacustomer.org,1,Newcastle,"South Africa",23,116.77,8.99,0.99,5.08,5.65,Games,"SUPER WYOMING","2005-08-23 10:56:15",1,13
433,DON,BONE,DON.BONE@sakilacustomer.org,1,Naçala-Porto,Mozambique,25,133.75,10.99,0.99,5.35,5.16,Foreign,"FIDELITY DEVIL","2005-08-23 02:40:04",1,14
434,EDDIE,TOMLIN,EDDIE.TOMLIN@sakilacustomer.org,1,Ozamis,Philippines,27,128.73,10.99,0.99,4.77,5.37,Animation,"TREATMENT JEKYLL","2005-08-22 22:37:34",1,16
435,RICKY,SHELBY,RICKY.SHELBY@sakilacustomer.org,2,Junan,China,25,91.75,8.99,0.99,3.67,4.36,Animation,"DOCTOR GRAIL","2005-08-22 13:19:25",1,11
436,TROY,QUIGLEY,TROY.QUIGLEY@sakilacustomer.org,1,Vancouver,Canada,30,144.70,9.99,0.99,4.82,6.23,Animation,"HARRY IDAHO","2005-08-23 13:10:16",1,15
437,RANDALL,NEUMANN,RANDALL.NEUMANN@sakilacustomer.org,2,"La Romana","Dominican Republic",23,99.77,8.99,0.99,4.34,5.96,Foreign,"FANTASIA PARK","2005-08-22 07:52:18",1,11
438,BARRY,LOVELACE,BARRY.LOVELACE@sakilacustomer.org,1,Kitwe,Zambia,33,134.67,8.99,0.99,4.08,4.97,Games,"MASSACRE USUAL","2006-02-14 15:16:03",1,19
439,ALEXANDER,FENNELL,ALEXANDER.FENNELL@sakilacustomer.org,2,Bergamo,Italy,36,151.64,9.99,0.99,4.21,4.97,Family,"MIDNIGHT WESTWARD","2005-08-23 21:27:35",1,20
440,BERNARD,COLBY,BERNARD.COLBY@sakilacustomer.org,1,"Dhule (Dhulia)",India,22,88.78,9.99,0.99,4.04,4.29,Drama,"ALASKA PHANTOM","2006-02-14 15:16:03",1,13
441,MARIO,CHEATHAM,MARIO.CHEATHAM@sakilacustomer.org,1,Batna,Algeria,28,112.72,10.99,0.99,4.03,4.33,New,"RANGE MOONWALKER","2006-02-14 15:16:03",1,20
442,LEROY,BUSTAMANTE,LEROY.BUSTAMANTE@sakilacustomer.org,1,Tongliao,China,32,118.68,8.99,0.99,3.71,4.50,Drama,"GUNFIGHT MOON","2005-08-22 16:35:25",1,15
443,FRANCISCO,SKIDMORE,FRANCISCO.SKIDMORE@sakilacustomer.org,2,"São Leopoldo",Brazil,22,98.78,9.99,0.99,4.49,5.00,Animation,"APACHE DIVINE","2005-08-23 03:23:32",1,10
444,MARCUS,HIDALGO,MARCUS.HIDALGO@sakilacustomer.org,2,Tartu,Estonia,30,115.70,8.99,0.99,3.86,5.00,Family,"COMFORTS RUSH","2005-08-23 14:55:47",1,12
445,MICHEAL,FORMAN,MICHEAL.FORMAN@sakilacustomer.org,1,Escobar,Argentina,26,102.74,9.99,0.99,3.95,5.12,Animation,"ALIEN CENTER","2005-08-23 17:36:00",1,13
446,THEODORE,CULP,THEODORE.CULP@sakilacustomer.org,2,Uluberia,India,31,116.69,9.99,0.99,3.76,4.84,Foreign,"JET NEIGHBORS","2005-08-23 19:10:32",0,14
447,CLIFFORD,BOWENS,CLIFFORD.BOWENS@sakilacustomer.org,1,"Nabereznyje Tšelny","Russian Federation",29,113.71,8.99,0.99,3.92,4.76,Comedy,"MALLRATS UNITED","2005-08-23 21:59:57",1,17
448,MIGUEL,BETANCOURT,MIGUEL.BETANCOURT@sakilacustomer.org,1,Erlangen,Germany,29,135.71,10.99,0.99,4.68,6.26,Travel,"WANDA CHAMBER","2006-02-14 15:16:03",1,11
449,OSCAR,AQUINO,OSCAR.AQUINO@sakilacustomer.org,2,Sirjan,Iran,20,99.80,8.99,0.99,4.99,5.90,Horror,"DROP WATERFRONT","2005-08-22 06:37:43",1,12
450,JAY,ROBB,JAY.ROBB@sakilacustomer.org,1,Surakarta,Indonesia,26,89.74,7.99,0.99,3.45,5.00,Drama,"SLUMS DUCK","2006-02-14 15:16:03",1,14
451,JIM,REA,JIM.REA@sakilacustomer.org,1,"El Fuerte",Mexico,33,128.67,8.99,0.99,3.90,4.76,Sci-Fi,"HOUSE DYNAMITE","2005-08-23 08:31:49",1,13
452,TOM,MILNER,TOM.MILNER@sakilacustomer.org,1,"Abu Dhabi","United Arab Emirates",32,107.68,6.99,0.99,3.37,4.71,Action,"GENTLEMEN STAGE","2006-02-14 15:16:03",1,17
453,CALVIN,MARTEL,CALVIN.MARTEL@sakilacustomer.org,1,Maracaíbo,Venezuela,23,111.77,8.99,0.99,4.86,6.26,New,"MONSOON CAUSE","2005-08-23 07:25:38",1,12
454,ALEX,GRESHAM,ALEX.GRESHAM@sakilacustomer.org,2,Uruapan,Mexico,33,151.67,9.99,0.99,4.60,4.88,Sports,"RULES HUMAN","2005-08-23 06:55:26",1,19
455,JON,WILES,JON.WILES@sakilacustomer.org,2,"El Alto",Bolivia,24,87.76,8.99,0.99,3.66,4.50,Documentary,"COAST RAINBOW","2005-08-23 02:25:09",1,12
456,RONNIE,RICKETTS,RONNIE.RICKETTS@sakilacustomer.org,2,Ziguinchor,Senegal,25,100.75,8.99,0.99,4.03,4.68,Sci-Fi,"HOLLOW JEOPARDY","2005-08-23 17:43:16",1,9
457,BILL,GAVIN,BILL.GAVIN@sakilacustomer.org,2,Rockford,"United States",28,114.72,10.99,0.99,4.10,5.31,Music,"KNOCK WARLOCK","2006-02-14 15:16:03",1,14
458,LLOYD,DOWD,LLOYD.DOWD@sakilacustomer.org,1,Tegal,Indonesia,19,66.81,7.99,0.99,3.52,5.63,Foreign,"VIETNAM SMOOCHY","2005-08-23 06:44:19",1,11
459,TOMMY,COLLAZO,TOMMY.COLLAZO@sakilacustomer.org,1,Qomsheh,Iran,38,186.62,10.99,0.99,4.91,4.95,Family,"FREAKY POCUS","2005-08-23 14:52:50",1,18
460,LEON,BOSTIC,LEON.BOSTIC@sakilacustomer.org,1,Florencia,Colombia,25,109.75,10.99,0.99,4.39,4.56,Animation,"RUSH GOODFELLAS","2005-08-23 19:14:07",1,9
461,DEREK,BLAKELY,DEREK.BLAKELY@sakilacustomer.org,1,Gingoog,Philippines,28,97.72,7.99,0.99,3.49,4.32,Sci-Fi,"RAGING AIRPLANE","2005-08-23 07:03:19",1,11
462,WARREN,SHERROD,WARREN.SHERROD@sakilacustomer.org,2,Usolje-Sibirskoje,"Russian Federation",33,159.67,9.99,0.99,4.84,5.27,Horror,"PULP BEVERLY","2005-08-23 21:17:17",1,15
463,DARRELL,POWER,DARRELL.POWER@sakilacustomer.org,2,Halifax,Canada,25,91.75,7.99,0.99,3.67,4.96,Sci-Fi,"CHEAPER CLYDE","2005-08-22 14:23:11",1,14
464,JEROME,KENYON,JEROME.KENYON@sakilacustomer.org,1,Rancagua,Chile,16,73.84,8.99,0.99,4.62,6.00,Horror,"GLASS DYING","2005-08-23 20:13:38",1,10
465,FLOYD,GANDY,FLOYD.GANDY@sakilacustomer.org,1,Zapopan,Mexico,17,69.83,8.99,0.99,4.11,4.94,Games,"CABIN FLASH","2005-08-23 16:08:15",1,12
466,LEO,EBERT,LEO.EBERT@sakilacustomer.org,1,Dongying,China,23,104.77,8.99,0.99,4.56,6.00,Games,"GENTLEMEN STAGE","2005-08-23 21:00:22",1,13
467,ALVIN,DELOACH,ALVIN.DELOACH@sakilacustomer.org,2,Cuauhtémoc,Mexico,29,139.71,9.99,0.99,4.82,4.86,Children,"CHICAGO NORTH","2005-08-23 15:19:15",1,15
468,TIM,CARY,TIM.CARY@sakilacustomer.org,1,Bijapur,India,39,175.61,10.99,0.99,4.50,5.69,Animation,"WHISPERER GIANT","2005-08-23 22:24:39",1,21
469,WESLEY,BULL,WESLEY.BULL@sakilacustomer.org,2,"Ourense (Orense)",Spain,40,177.60,10.99,0.99,4.44,5.50,Games,"MOON BUNCH","2005-08-23 15:46:33",1,23
470,GORDON,ALLARD,GORDON.ALLARD@sakilacustomer.org,1,Hodeida,Yemen,32,160.68,10.99,0.99,5.02,5.13,Action,"BINGO TALENTED","2005-08-21 10:45:01",1,17
471,DEAN,SAUER,DEAN.SAUER@sakilacustomer.org,1,Johannesburg,"South Africa",27,109.73,8.99,0.99,4.06,5.15,Music,"DEER VIRGINIAN","2005-08-23 08:34:53",1,13
472,GREG,ROBINS,GREG.ROBINS@sakilacustomer.org,1,"Nam Dinh",Vietnam,30,141.70,8.99,0.99,4.72,5.52,Music,"WATCH TRACY","2006-02-14 15:16:03",1,14
473,JORGE,OLIVARES,JORGE.OLIVARES@sakilacustomer.org,2,Lhokseumawe,Indonesia,34,134.66,8.99,0.99,3.96,4.53,Travel,"HANGING DEEP","2005-08-23 21:46:47",1,26
474,DUSTIN,GILLETTE,DUSTIN.GILLETTE@sakilacustomer.org,2,Emmen,Netherlands,26,100.74,8.99,0.99,3.87,5.08,Family,"CHARADE DUFFEL","2006-02-14 15:16:03",1,15
475,PEDRO,CHESTNUT,PEDRO.CHESTNUT@sakilacustomer.org,2,Šostka,Ukraine,24,103.76,9.99,0.99,4.32,5.54,Games,"JINGLE SAGEBRUSH","2005-08-22 19:23:58",1,10
476,DERRICK,BOURQUE,DERRICK.BOURQUE@sakilacustomer.org,1,Gatineau,Canada,22,95.78,9.99,0.99,4.35,5.00,Sci-Fi,"BLACKOUT PRIVATE","2006-02-14 15:16:03",1,11
477,DAN,PAINE,DAN.PAINE@sakilacustomer.org,1,Stockport,"United Kingdom",22,109.78,10.99,0.99,4.99,5.23,Sports,"STAR OPERATION","2005-08-23 18:23:30",1,7
478,LEWIS,LYMAN,LEWIS.LYMAN@sakilacustomer.org,1,Ashqelon,Israel,19,86.81,8.99,0.99,4.57,5.47,Action,"JOON NORTHWEST","2005-08-23 11:22:09",1,9
479,ZACHARY,HITE,ZACHARY.HITE@sakilacustomer.org,1,Akron,"United States",31,146.69,8.99,0.99,4.73,5.70,Comedy,"ROCKETEER MOTHER","2006-02-14 15:16:03",1,12
480,COREY,HAUSER,COREY.HAUSER@sakilacustomer.org,1,Gaziantep,Turkey,22,101.78,9.99,0.99,4.63,5.91,Classics,"TIMBERLAND SKY","2005-08-23 05:38:41",1,13
481,HERMAN,DEVORE,HERMAN.DEVORE@sakilacustomer.org,1,Mwanza,Tanzania,29,115.71,10.99,0.99,3.99,4.00,Games,"HUNTING MUSKETEERS","2005-08-21 17:15:33",1,14
482,MAURICE,CRAWLEY,MAURICE.CRAWLEY@sakilacustomer.org,1,Coatzacoalcos,Mexico,29,138.71,8.99,0.99,4.78,4.72,Foreign,"KISS GLORY","2005-08-23 16:42:53",0,11
483,VERNON,CHAPA,VERNON.CHAPA@sakilacustomer.org,2,Denizli,Turkey,18,88.82,9.99,0.99,4.93,5.61,Comedy,"BEAUTY GREASE","2005-08-19 03:10:21",1,9
484,ROBERTO,VU,ROBERTO.VU@sakilacustomer.org,1,Yinchuan,China,30,139.70,9.99,0.99,4.66,5.13,Drama,"ENEMY ODDS","2005-08-23 21:49:22",1,14
485,CLYDE,TOBIAS,CLYDE.TOBIAS@sakilacustomer.org,1,Shaoguan,China,29,115.71,8.99,0.99,3.99,5.59,Drama,"MALKOVICH PET","2005-08-19 09:36:28",1,10
486,GLEN,TALBERT,GLEN.TALBERT@sakilacustomer.org,1,Acuña,Mexico,26,113.74,8.99,0.99,4.37,5.27,Drama,"SPICE SORORITY","2005-08-21 06:44:37",1,14
487,HECTOR,POINDEXTER,HECTOR.POINDEXTER@sakilacustomer.org,2,Pjatigorsk,"Russian Federation",26,119.74,9.99,0.99,4.61,5.58,Action,"LORD ARIZONA","2005-08-23 08:59:12",1,11
488,SHANE,MILLARD,SHANE.MILLARD@sakilacustomer.org,2,"La Paz",Mexico,22,95.78,8.99,0.99,4.35,5.18,Drama,"SLEUTH ORIENT","2005-08-23 02:37:19",1,14
489,RICARDO,MEADOR,RICARDO.MEADOR@sakilacustomer.org,1,Okayama,Japan,21,99.79,9.99,0.99,4.75,5.48,Family,"PHILADELPHIA WIFE","2005-08-23 20:12:17",1,9
490,SAM,MCDUFFIE,SAM.MCDUFFIE@sakilacustomer.org,1,Sogamoso,Colombia,24,117.76,8.99,0.99,4.91,4.50,Animation,"SEATTLE EXPECATIONS","2005-08-23 00:55:24",1,16
491,RICK,MATTOX,RICK.MATTOX@sakilacustomer.org,2,"Mit Ghamr",Egypt,27,124.73,8.99,0.99,4.62,4.59,Sci-Fi,"DURHAM PANKY","2005-08-23 09:41:28",1,12
492,LESTER,KRAUS,LESTER.KRAUS@sakilacustomer.org,2,Kanchrapara,India,16,65.84,9.99,0.99,4.12,4.94,Travel,"HANKY OCTOBER","2005-08-23 19:22:36",1,9
493,BRENT,HARKINS,BRENT.HARKINS@sakilacustomer.org,1,Sultanbeyli,Turkey,23,112.77,7.99,0.99,4.90,5.23,Horror,"CANDIDATE PERDITION","2006-02-14 15:16:03",1,13
494,RAMON,CHOATE,RAMON.CHOATE@sakilacustomer.org,2,Ríobamba,Ecuador,31,140.69,9.99,0.99,4.54,5.16,Sports,"UNITED PILOT","2005-08-22 19:28:04",1,15
495,CHARLIE,BESS,CHARLIE.BESS@sakilacustomer.org,2,Baiyin,China,26,120.74,9.99,0.99,4.64,5.04,Action,"STEEL SANTA","2006-02-14 15:16:03",1,12
496,TYLER,WREN,TYLER.WREN@sakilacustomer.org,2,Rizhao,China,21,88.79,7.99,0.99,4.23,4.45,Drama,"WYOMING STORM","2006-02-14 15:16:03",1,10
497,GILBERT,SLEDGE,GILBERT.SLEDGE@sakilacustomer.org,2,York,"United Kingdom",28,129.72,9.99,0.99,4.63,4.41,Family,"BILKO ANONYMOUS","2006-02-14 15:16:03",1,14
498,GENE,SANBORN,GENE.SANBORN@sakilacustomer.org,1,Salala,Oman,27,97.73,8.99,0.99,3.62,4.89,New,"PACIFIC AMISTAD","2005-08-19 03:46:43",1,14
499,MARC,OUTLAW,MARC.OUTLAW@sakilacustomer.org,2,Brindisi,Italy,30,123.70,8.99,0.99,4.12,4.97,Classics,"MODEL FISH","2005-08-23 06:00:28",1,20
500,REGINALD,KINDER,REGINALD.KINDER@sakilacustomer.org,1,Madiun,Indonesia,28,115.72,8.99,0.99,4.13,4.89,New,"INTERVIEW LIAISONS","2005-08-23 15:54:20",1,14
501,RUBEN,GEARY,RUBEN.GEARY@sakilacustomer.org,1,Lublin,Poland,21,89.79,7.99,0.99,4.28,5.10,New,"ARMY FLINTSTONES","2005-08-23 10:20:35",1,12
502,BRETT,CORNWELL,BRETT.CORNWELL@sakilacustomer.org,1,"Siliguri (Shiliguri)",India,34,138.66,9.99,0.99,4.08,4.82,Documentary,"HORROR REIGN","2005-08-23 22:06:34",1,18
503,ANGEL,BARCLAY,ANGEL.BARCLAY@sakilacustomer.org,1,Ueda,Japan,32,115.68,6.99,0.99,3.62,4.22,Sci-Fi,"POND SEATTLE","2005-08-23 14:13:47",1,14
504,NATHANIEL,ADAM,NATHANIEL.ADAM@sakilacustomer.org,1,Joliet,"United States",28,133.72,9.99,0.99,4.78,6.07,Drama,"KISS GLORY","2005-08-23 21:44:27",1,14
505,RAFAEL,ABNEY,RAFAEL.ABNEY@sakilacustomer.org,1,Talavera,Philippines,21,97.79,9.99,0.99,4.66,5.60,Animation,"SAGEBRUSH CLUELESS","2006-02-14 15:16:03",1,12
506,LESLIE,SEWARD,LESLIE.SEWARD@sakilacustomer.org,2,Pontianak,Indonesia,35,152.65,9.99,0.99,4.36,5.37,Action,"WOMEN DORADO","2005-08-23 10:02:46",1,17
507,EDGAR,RHOADS,EDGAR.RHOADS@sakilacustomer.org,2,Eskisehir,Turkey,25,95.75,6.99,0.99,3.83,4.60,Horror,"TALENTED HOMICIDE","2005-08-22 23:04:21",1,12
508,MILTON,HOWLAND,MILTON.HOWLAND@sakilacustomer.org,2,Vijayawada,India,25,127.75,9.99,0.99,5.11,6.08,Action,"DARKNESS WAR","2006-02-14 15:16:03",1,9
509,RAUL,FORTIER,RAUL.FORTIER@sakilacustomer.org,1,Chapra,India,20,100.80,8.99,0.99,5.04,5.10,Foreign,"CLOSER BANG","2005-08-23 19:46:39",1,5
510,BEN,EASTER,BEN.EASTER@sakilacustomer.org,2,Kamyšin,"Russian Federation",26,122.74,9.99,0.99,4.72,5.19,Children,"ROSES TREASURE","2005-08-22 10:46:44",0,13
511,CHESTER,BENNER,CHESTER.BENNER@sakilacustomer.org,1,Suihua,China,24,99.76,10.99,0.99,4.16,4.42,Action,"OZ LIAISONS","2005-08-22 15:25:33",1,11
512,CECIL,VINES,CECIL.VINES@sakilacustomer.org,1,London,"United Kingdom",26,115.74,9.99,0.99,4.45,4.96,Sci-Fi,"CAT CONEHEADS","2006-02-14 15:16:03",1,11
513,DUANE,TUBBS,DUANE.TUBBS@sakilacustomer.org,2,Yangor,Nauru,31,148.69,9.99,0.99,4.80,5.35,Comedy,"SNATCH SLIPPER","2005-08-23 04:20:16",1,20
514,FRANKLIN,TROUTMAN,FRANKLIN.TROUTMAN@sakilacustomer.org,2,Zaoyang,China,22,74.78,5.99,0.99,3.40,4.09,Drama,"OZ LIAISONS","2005-08-23 13:26:01",1,10
515,ANDRE,RAPP,ANDRE.RAPP@sakilacustomer.org,1,Coquimbo,Chile,28,126.72,8.99,0.99,4.53,5.29,Classics,"SWEET BROTHERHOOD","2005-08-22 18:55:52",1,9
516,ELMER,NOE,ELMER.NOE@sakilacustomer.org,2,Battambang,Cambodia,26,98.74,10.99,0.99,3.80,5.17,Sci-Fi,"OUTBREAK DIVINE","2006-02-14 15:16:03",1,12
517,BRAD,MCCURDY,BRAD.MCCURDY@sakilacustomer.org,2,Chungho,Taiwan,25,105.75,8.99,0.99,4.23,4.68,Drama,"LIES TREATMENT","2005-08-23 04:55:05",1,15
518,GABRIEL,HARDER,GABRIEL.HARDER@sakilacustomer.org,1,Sivas,Turkey,26,111.74,7.99,0.99,4.30,4.69,Family,"ATLANTIS CAUSE","2005-08-23 00:28:16",1,15
519,RON,DELUCA,RON.DELUCA@sakilacustomer.org,2,Isesaki,Japan,23,103.77,8.99,0.99,4.51,5.57,New,"GANGS PRIDE","2005-08-22 21:12:19",1,11
520,MITCHELL,WESTMORELAND,MITCHELL.WESTMORELAND@sakilacustomer.org,2,"Nha Trang",Vietnam,32,134.68,10.99,0.99,4.21,5.34,Drama,"WORKING MICROCOSMOS","2005-08-23 18:59:33",1,15
521,ROLAND,SOUTH,ROLAND.SOUTH@sakilacustomer.org,2,Yingkou,China,23,80.77,7.99,0.99,3.51,5.05,Family,"GABLES METROPOLIS","2006-02-14 15:16:03",1,15
522,ARNOLD,HAVENS,ARNOLD.HAVENS@sakilacustomer.org,2,"Santa Rosa",Philippines,33,167.67,9.99,0.99,5.08,5.97,Games,"DOUBLE WRATH","2005-08-23 18:06:54",1,17
523,HARVEY,GUAJARDO,HARVEY.GUAJARDO@sakilacustomer.org,1,Vinh,Vietnam,22,93.78,8.99,0.99,4.26,5.50,Foreign,"BOILED DARES","2005-08-22 09:41:09",1,12
524,JARED,ELY,JARED.ELY@sakilacustomer.org,1,Purwakarta,Indonesia,19,87.81,8.99,0.99,4.62,5.11,Animation,"CROOKED FROGMEN","2005-08-22 16:33:39",1,9
525,ADRIAN,CLARY,ADRIAN.CLARY@sakilacustomer.org,2,Udine,Italy,19,74.81,7.99,0.99,3.94,5.67,Family,"BOOGIE AMELIE","2006-02-14 15:16:03",1,8
526,KARL,SEAL,KARL.SEAL@sakilacustomer.org,2,"Cape Coral","United States",45,221.55,10.99,0.99,4.92,5.84,Animation,"WEDDING APOLLO","2005-08-23 22:21:03",1,24
527,CORY,MEEHAN,CORY.MEEHAN@sakilacustomer.org,1,Mogiljov,Belarus,24,81.76,8.99,0.99,3.41,4.70,Action,"WASTELAND DIVINE","2006-02-14 15:16:03",1,10
528,CLAUDE,HERZOG,CLAUDE.HERZOG@sakilacustomer.org,1,Benguela,Angola,25,111.75,9.99,0.99,4.47,5.60,Comedy,"KNOCK WARLOCK","2005-08-23 16:43:54",1,13
529,ERIK,GUILLEN,ERIK.GUILLEN@sakilacustomer.org,2,Bhimavaram,India,29,118.71,10.99,0.99,4.09,5.41,Sci-Fi,"WEEKEND PERSONAL","2005-08-22 19:46:05",1,12
530,DARRYL,ASHCRAFT,DARRYL.ASHCRAFT@sakilacustomer.org,2,Ezeiza,Argentina,23,76.77,5.99,0.99,3.34,4.59,Animation,"MUSIC BOONDOCK","2006-02-14 15:16:03",1,11
531,JAMIE,WAUGH,JAMIE.WAUGH@sakilacustomer.org,2,Kuwana,Japan,25,118.75,10.99,0.99,4.75,4.92,Sports,"CLERKS ANGELS","2005-08-22 21:36:51",1,12
532,NEIL,RENNER,NEIL.RENNER@sakilacustomer.org,2,"Cam Ranh",Vietnam,32,152.68,8.99,0.99,4.77,6.35,Classics,"VIRGIN DAISY","2006-02-14 15:16:03",1,16
533,JESSIE,MILAM,JESSIE.MILAM@sakilacustomer.org,1,Binzhou,China,33,141.67,9.99,0.99,4.29,5.13,Sports,"SHEPHERD MIDSUMMER","2006-02-14 15:16:03",1,10
534,CHRISTIAN,JUNG,CHRISTIAN.JUNG@sakilacustomer.org,1,Amroha,India,24,88.76,6.99,0.99,3.70,4.91,Family,"GORGEOUS BINGO","2006-02-14 15:16:03",0,15
535,JAVIER,ELROD,JAVIER.ELROD@sakilacustomer.org,1,NDjamna,Chad,32,135.68,8.99,0.99,4.24,5.09,Sports,"BORROWERS BEDAZZLED","2005-08-23 21:27:11",1,15
536,FERNANDO,CHURCHILL,FERNANDO.CHURCHILL@sakilacustomer.org,2,Tonghae,"South Korea",25,117.75,8.99,0.99,4.71,5.36,Music,"BANGER PINOCCHIO","2005-08-23 20:08:26",1,16
537,CLINTON,BUFORD,CLINTON.BUFORD@sakilacustomer.org,2,Aurora,"United States",25,103.75,8.99,0.99,4.15,4.63,Family,"RANGE MOONWALKER","2006-02-14 15:16:03",1,13
538,TED,BREAUX,TED.BREAUX@sakilacustomer.org,2,Baicheng,China,29,117.71,8.99,0.99,4.06,4.86,Sports,"MURDER ANTITRUST","2005-08-22 21:01:25",1,13
539,MATHEW,BOLIN,MATHEW.BOLIN@sakilacustomer.org,1,Valencia,Venezuela,22,90.78,7.99,0.99,4.13,6.32,Sports,"BLINDNESS GUN","2005-08-22 21:24:19",1,12
540,TYRONE,ASHER,TYRONE.ASHER@sakilacustomer.org,1,Ruse,Bulgaria,24,112.76,8.99,0.99,4.70,5.46,Sci-Fi,"TOWN ARK","2005-08-23 19:13:46",1,9
541,DARREN,WINDHAM,DARREN.WINDHAM@sakilacustomer.org,2,Livorno,Italy,24,108.76,8.99,0.99,4.53,5.50,Animation,"JUGGLER HARDLY","2005-08-23 18:08:59",1,10
542,LONNIE,TIRADO,LONNIE.TIRADO@sakilacustomer.org,2,"Pangkal Pinang",Indonesia,18,94.82,10.99,0.99,5.27,5.89,Sports,"ELIZABETH SHANE","2005-08-22 07:20:55",1,10
543,LANCE,PEMBERTON,LANCE.PEMBERTON@sakilacustomer.org,1,Beni-Mellal,Morocco,22,82.78,9.99,0.99,3.76,5.09,Foreign,"TELEMARK HEARTBREAKERS","2005-08-23 13:46:27",1,14
544,CODY,NOLEN,CODY.NOLEN@sakilacustomer.org,2,"São Bernardo do Campo",Brazil,22,98.78,10.99,0.99,4.49,5.18,Family,"TROJAN TOMORROW","2005-08-23 06:48:47",1,11
545,JULIO,NOLAND,JULIO.NOLAND@sakilacustomer.org,2,Konotop,Ukraine,21,89.79,10.99,0.99,4.28,4.76,Family,"HIGHBALL POTTER","2005-08-23 20:41:09",1,10
546,KELLY,KNOTT,KELLY.KNOTT@sakilacustomer.org,1,Sanya,China,25,103.75,9.99,0.99,4.15,5.04,Action,"TRUMAN CRAZY","2005-08-23 05:13:09",1,10
547,KURT,EMMONS,KURT.EMMONS@sakilacustomer.org,1,Kanazawa,Japan,23,99.77,9.99,0.99,4.34,4.26,Classics,"MUSIC BOONDOCK","2005-08-22 03:57:08",1,5
548,ALLAN,CORNISH,ALLAN.CORNISH@sakilacustomer.org,1,Tarlac,Philippines,19,79.81,7.99,0.99,4.20,5.94,Children,"SEATTLE EXPECATIONS","2006-02-14 15:16:03",1,12
549,NELSON,CHRISTENSON,NELSON.CHRISTENSON@sakilacustomer.org,1,"Santiago de Compostela",Spain,20,77.80,9.99,0.99,3.89,4.15,Games,"MYSTIC TRUMAN","2005-08-21 11:40:46",1,13
550,GUY,BROWNLEE,GUY.BROWNLEE@sakilacustomer.org,2,Zhoushan,China,32,159.68,10.99,0.99,4.99,5.00,Family,"LOST BIRD","2006-02-14 15:16:03",1,13
551,CLAYTON,BARBEE,CLAYTON.BARBEE@sakilacustomer.org,2,Alvorada,Brazil,26,96.74,9.99,0.99,3.72,4.73,Sci-Fi,"BEHAVIOR RUNAWAY","2005-08-22 22:57:25",1,16
552,HUGH,WALDROP,HUGH.WALDROP@sakilacustomer.org,2,Haining,China,21,90.79,8.99,0.99,4.32,4.57,Classics,"CENTER DINOSAUR","2005-08-23 10:21:21",1,12
553,MAX,PITT,MAX.PITT@sakilacustomer.org,1,"Novi Sad",Yugoslavia,24,107.76,8.99,0.99,4.49,4.92,Sci-Fi,"CLASH FREDDY","2005-08-23 02:48:24",1,10
554,DWAYNE,OLVERA,DWAYNE.OLVERA@sakilacustomer.org,1,Rajkot,India,22,101.78,9.99,0.99,4.63,5.05,New,"MASK PEACH","2005-08-23 09:53:30",1,10
555,DWIGHT,LOMBARDI,DWIGHT.LOMBARDI@sakilacustomer.org,1,Chatsworth,"South Africa",17,74.83,7.99,0.99,4.40,6.06,Sports,"HOOK CHARIOTS","2005-08-22 11:58:58",1,10
556,ARMANDO,GRUBER,ARMANDO.GRUBER@sakilacustomer.org,2,Southport,"United Kingdom",21,83.79,6.99,0.99,3.99,5.29,Games,"HONEY TIES","2005-08-23 05:24:09",1,10
557,FELIX,GAFFNEY,FELIX.GAFFNEY@sakilacustomer.org,1,Vilnius,Lithuania,24,73.76,6.99,0.99,3.07,4.87,Children,"SWEETHEARTS SUSPECTS","2006-02-14 15:16:03",1,10
558,JIMMIE,EGGLESTON,JIMMIE.EGGLESTON@sakilacustomer.org,1,Wroclaw,Poland,28,135.72,10.99,0.99,4.85,5.93,Foreign,"LIAISONS SWEET","2005-08-21 06:53:53",0,13
559,EVERETT,BANDA,EVERETT.BANDA@sakilacustomer.org,2,Bilbays,Egypt,28,110.72,8.99,0.99,3.95,5.54,Animation,"OSCAR GOLD","2005-08-23 16:33:33",1,11
560,JORDAN,ARCHULETA,JORDAN.ARCHULETA@sakilacustomer.org,1,Avellaneda,Argentina,30,132.70,9.99,0.99,4.42,5.57,Action,"BOILED DARES","2006-02-14 15:16:03",1,23
561,IAN,STILL,IAN.STILL@sakilacustomer.org,2,Garland,"United States",27,96.73,10.99,0.99,3.58,5.08,Animation,"FORWARD TEMPLE","2006-02-14 15:16:03",1,12
562,WALLACE,SLONE,WALLACE.SLONE@sakilacustomer.org,1,Sokoto,Nigeria,25,109.75,10.99,0.99,4.39,5.08,Foreign,"FICTION CHRISTMAS","2005-08-23 17:16:30",1,9
563,KEN,PREWITT,KEN.PREWITT@sakilacustomer.org,2,Bucuresti,Romania,29,110.71,9.99,0.99,3.82,5.03,Horror,"ROCK INSTINCT","2005-08-23 15:45:42",1,20
564,BOB,PFEIFFER,BOB.PFEIFFER@sakilacustomer.org,2,Xintai,China,24,91.76,10.99,0.99,3.82,4.83,Classics,"CALENDAR GUNFIGHT","2005-08-22 10:22:00",1,10
565,JAIME,NETTLES,JAIME.NETTLES@sakilacustomer.org,2,Huánuco,Peru,29,126.71,10.99,0.99,4.37,4.76,Family,"ROBBERY BRIGHT","2005-08-23 16:50:43",1,16
566,CASEY,MENA,CASEY.MENA@sakilacustomer.org,1,Tokat,Turkey,34,141.66,9.99,0.99,4.17,5.12,Action,"OSCAR GOLD","2005-08-21 07:13:46",1,17
567,ALFREDO,MCADAMS,ALFREDO.MCADAMS@sakilacustomer.org,2,Serpuhov,"Russian Federation",20,85.80,10.99,0.99,4.29,4.55,Travel,"MADIGAN DORADO","2005-08-23 06:18:43",1,10
568,ALBERTO,HENNING,ALBERTO.HENNING@sakilacustomer.org,2,Barcelona,Venezuela,21,66.79,6.99,0.99,3.18,4.30,Documentary,"BEAUTY GREASE","2006-02-14 15:16:03",1,15
569,DAVE,GARDINER,DAVE.GARDINER@sakilacustomer.org,2,Leshan,China,32,134.68,9.99,0.99,4.21,4.59,Sports,"RUSH GOODFELLAS","2005-08-23 21:48:54",1,18
570,IVAN,CROMWELL,IVAN.CROMWELL@sakilacustomer.org,2,Monclova,Mexico,26,99.74,7.99,0.99,3.84,4.76,Documentary,"MOD SECRETARY","2006-02-14 15:16:03",1,13
571,JOHNNIE,CHISHOLM,JOHNNIE.CHISHOLM@sakilacustomer.org,2,Plock,Poland,24,121.76,10.99,0.99,5.07,5.79,Sports,"CALIFORNIA BIRDS","2005-08-23 15:35:59",1,12
572,SIDNEY,BURLESON,SIDNEY.BURLESON@sakilacustomer.org,1,Czestochowa,Poland,25,108.75,10.99,0.99,4.35,5.08,Sports,"EDGE KISSING","2005-08-20 08:59:38",1,12
573,BYRON,BOX,BYRON.BOX@sakilacustomer.org,1,Zhezqazghan,Kazakstan,29,120.71,10.99,0.99,4.16,5.21,Documentary,"ALASKA PHANTOM","2005-08-19 11:27:20",1,15
574,JULIAN,VEST,JULIAN.VEST@sakilacustomer.org,2,Akishima,Japan,28,109.72,7.99,0.99,3.92,4.89,Children,"VOYAGE LEGALLY","2005-08-22 16:53:29",1,19
575,ISAAC,OGLESBY,ISAAC.OGLESBY@sakilacustomer.org,2,Cuernavaca,Mexico,29,126.71,8.99,0.99,4.37,4.48,Music,"CONTACT ANONYMOUS","2005-08-23 15:59:51",1,14
576,MORRIS,MCCARTER,MORRIS.MCCARTER@sakilacustomer.org,2,Fengshan,Taiwan,34,139.66,8.99,0.99,4.11,4.78,New,"PILOT HOOSIERS","2006-02-14 15:16:03",1,21
577,CLIFTON,MALCOLM,CLIFTON.MALCOLM@sakilacustomer.org,2,Tanshui,Taiwan,27,117.73,8.99,0.99,4.36,5.44,Action,"BUTTERFLY CHOCOLAT","2005-08-23 20:47:28",1,14
578,WILLARD,LUMPKIN,WILLARD.LUMPKIN@sakilacustomer.org,2,Carmen,Mexico,22,96.78,7.99,0.99,4.40,5.05,Family,"FEUD FROGMEN","2005-08-23 08:34:10",1,15
579,DARYL,LARUE,DARYL.LARUE@sakilacustomer.org,2,Mosul,Iraq,27,111.73,9.99,0.99,4.14,5.62,Sports,"TRIP NEWTON","2006-02-14 15:16:03",1,11
580,ROSS,GREY,ROSS.GREY@sakilacustomer.org,1,Iligan,Philippines,27,99.73,8.99,0.99,3.69,4.89,Foreign,"EFFECT GLADIATOR","2005-08-23 18:54:32",1,10
581,VIRGIL,WOFFORD,VIRGIL.WOFFORD@sakilacustomer.org,1,"José Azueta",Mexico,27,107.73,8.99,0.99,3.99,5.30,Foreign,"KICK SAVANNAH","2005-08-23 14:05:37",1,13
582,ANDY,VANHORN,ANDY.VANHORN@sakilacustomer.org,2,"Huejutla de Reyes",Mexico,25,113.75,9.99,0.99,4.55,5.13,Sci-Fi,"NONE SPIKING","2006-02-14 15:16:03",1,11
583,MARSHALL,THORN,MARSHALL.THORN@sakilacustomer.org,1,Southampton,"United Kingdom",23,117.77,9.99,0.99,5.12,5.13,Games,"PHILADELPHIA WIFE","2005-08-21 06:00:22",1,13
584,SALVADOR,TEEL,SALVADOR.TEEL@sakilacustomer.org,2,Banjul,Gambia,30,129.70,8.99,0.99,4.32,5.53,Comedy,"SALUTE APOLLO","2005-08-23 07:06:00",1,15
585,PERRY,SWAFFORD,PERRY.SWAFFORD@sakilacustomer.org,1,Quilmes,Argentina,24,117.76,9.99,0.99,4.91,5.91,Sports,"GHOSTBUSTERS ELF","2006-02-14 15:16:03",1,13
586,KIRK,STCLAIR,KIRK.STCLAIR@sakilacustomer.org,1,Tsaotun,Taiwan,19,64.81,8.99,0.99,3.41,4.42,Drama,"TOURIST PELICAN","2005-08-23 09:40:04",1,10
587,SERGIO,STANFIELD,SERGIO.STANFIELD@sakilacustomer.org,1,Celaya,Mexico,26,108.74,8.99,0.99,4.18,4.92,Documentary,"LOLA AGENT","2006-02-14 15:16:03",1,11
588,MARION,OCAMPO,MARION.OCAMPO@sakilacustomer.org,1,Weifang,China,29,115.71,7.99,0.99,3.99,4.66,Classics,"HAWK CHILL","2005-08-22 16:37:32",1,15
589,TRACY,HERRMANN,TRACY.HERRMANN@sakilacustomer.org,1,Loja,Ecuador,28,129.72,9.99,0.99,4.63,4.93,Comedy,"DOWNHILL ENOUGH","2005-08-23 20:28:32",1,15
590,SETH,HANNON,SETH.HANNON@sakilacustomer.org,2,al-Manama,Bahrain,25,112.75,9.99,0.99,4.51,5.21,Sports,"ENTRAPMENT SATISFACTION","2006-02-14 15:16:03",1,12
591,KENT,ARSENAULT,KENT.ARSENAULT@sakilacustomer.org,1,"Juiz de Fora",Brazil,27,134.73,11.99,0.99,4.99,5.59,Sports,"SLACKER LIAISONS","2005-08-20 15:05:42",1,13
592,TERRANCE,ROUSH,TERRANCE.ROUSH@sakilacustomer.org,1,Székesfehérvár,Hungary,29,111.71,11.99,0.99,3.85,5.14,Family,"TRUMAN CRAZY","2006-02-14 15:16:03",0,14
593,RENE,MCALISTER,RENE.MCALISTER@sakilacustomer.org,2,"Garden Grove","United States",26,113.74,8.99,0.99,4.37,5.38,Horror,"NOON PAPI","2005-08-21 19:35:59",1,14
594,EDUARDO,HIATT,EDUARDO.HIATT@sakilacustomer.org,1,Jining,China,27,130.73,8.99,0.99,4.84,5.22,Sports,"CLONES PINOCCHIO","2005-08-22 07:54:47",1,14
595,TERRENCE,GUNDERSON,TERRENCE.GUNDERSON@sakilacustomer.org,1,Jinzhou,China,30,117.70,10.99,0.99,3.92,5.00,Documentary,"BEAST HUNCHBACK","2005-08-23 21:26:35",1,17
596,ENRIQUE,FORSYTHE,ENRIQUE.FORSYTHE@sakilacustomer.org,1,Patras,Greece,28,96.72,6.99,0.99,3.45,4.78,Sports,"DOUBTFIRE LABYRINTH","2006-02-14 15:16:03",1,18
597,FREDDIE,DUGGAN,FREDDIE.DUGGAN@sakilacustomer.org,1,Sullana,Peru,25,99.75,8.99,0.99,3.99,4.63,Foreign,"MICROCOSMOS PARADISE","2006-02-14 15:16:03",1,12
598,WADE,DELVALLE,WADE.DELVALLE@sakilacustomer.org,1,Lausanne,Switzerland,22,83.78,7.99,0.99,3.81,5.86,Drama,"BEETHOVEN EXORCIST","2005-08-23 00:44:15",1,11
599,AUSTIN,CINTRON,AUSTIN.CINTRON@sakilacustomer.org,2,Tieli,China,19,83.81,9.99,0.99,4.41,5.47,Sci-Fi,"DAISY MENAGERIE","2005-08-23 11:25:00",1,11
